index,Mean_H,Mean_S,Mean_V,duration,paidBadge,bday,subs,prettyScale,publishedAt,videoTitle,tag,face_area_ratio,text_rate1,tempo,f0_mean,f0_var,y_predict,y_truth,diff_abs
1056,0.3533333333,0.1770833333,0.7384615385,0.7636363636,1,0.7230392157,0.498438439,0.6740740741,0.1164736165,0.1808510638,0,0.0678829288,0,0.5471698113,0.1253655126,0.07504343887,7.2960477,7.229113878,0.06693382221
109,0.06,0.3125,0.7948717949,0.9818181818,1,0.5411414566,0.7791728552,0.6222222222,0.05341055341,0.2765957447,0.32,0.6819442272,0.06375825083,0.6904761905,0.2412959486,0.4504816732,11.243348,12.03421614,0.7908681386
1867,0.34,0.7083333333,0.6769230769,1,1,0.118872549,0.6008432402,0.5407407407,0.1473616474,0.9680851064,0,0,0.107240099,0.568627451,0.3541429241,0.3796772476,9.959448,8.992806059,0.9666419406
1817,0.2066666667,0.6458333333,0.7794871795,0.5272727273,1,0.06179971989,0.6539330366,0,0.1113256113,0.1276595745,0,1,0.03542354235,0.8529411764,0.148294013,0.1906863724,11.865882,12.05538928,0.1895072809
322,0.1933333333,0.6354166667,0.5538461538,0.7090909091,1,0.4418767507,0.5856864599,0.6148148148,0.01737451737,0.8829787234,0,0.6581900972,0.09075907591,0.6444444444,0.4163780842,0.5429802878,7.925123,9.868015803,1.942892803
1182,0.7266666667,0.1770833333,0.8256410256,0.7090909091,1,0.118522409,0.5990500377,0.5703703704,0.2393822394,0.2234042553,0.12,0.1769379678,0.05410478548,0.7073170731,0.3083643999,0.4595241229,9.260116,7.721791777,1.538324223
526,0.82,0.46875,0.5743589744,0.5272727273,1,0.2442226891,0.5762881406,0.7407407407,0.2773487773,0.2765957447,0.8,0.7133574384,0.08303767877,0.725,0.4593110281,0.6238747386,9.396787,8.998754769,0.3980322305
1905,0.5466666667,0.4166666667,0.5179487179,0.7636363636,1,0.6470588235,0.5977869188,0.7259259259,0.1267696268,0.7021276596,0,0.337037062,0.1597359736,0.4833333333,0.3803113834,0.5482409423,9.581687,9.495895183,0.08579181659
1740,0.54,0.8229166667,0.4769230769,0.9636363636,0,0.237570028,0.6892542851,0.7777777778,0.1383526384,0.5638297872,0.64,0.563699057,0.00848459846,0.5272727272,0.3958214063,0.6416477319,12.320638,11.96178206,0.3588559364
498,0.52,0.5208333333,0.4666666667,0.6,1,0.118872549,0.6008432402,0.5407407407,0.07464607465,0.2446808511,0,0.1802193193,0.05563118812,0.6590909091,0.4257952467,0.4392265522,9.876564,9.322418275,0.5541457246
469,0.05333333333,0.1875,0.4461538462,1,0,0.2594537815,0.5352687104,0.6592592593,0.2065637066,0.4468085106,0.76,0.4640492997,0.07565307027,0.8285714286,0.3781482806,0.432781297,9.259553,11.32788421,2.068331213
604,0.4733333333,0.5104166667,0.5128205128,0.9818181818,1,0.1069677871,0.5808557654,0.5185185185,0.001287001287,0.414893617,0,0.1831302317,0.07190594059,0.6590909091,0.4549457844,0.527018689,9.989249,9.738730827,0.2505181731
1765,0.3,0.2083333333,0.7794871795,0.5272727273,1,0.4254201681,0.4911856694,0.5481481481,0.1512226512,0.414893617,0.266294602,0.6662145473,0.1685574807,0.5576923077,0.4331075185,0.5738760466,6.662092,6.06610809,0.5959839099
1398,0.2266666667,0.5416666667,0.8358974359,0.4909090909,1,0.06179971989,0.6539330366,0,0.009652509653,0.08510638298,0,1,0.06323569857,0.6444444444,0.1524167286,0.1778741149,11.946389,11.40688694,0.5395020583
716,0.3133333333,0.53125,0.6153846154,0.6545454545,1,0.2431722689,0,0.5925925926,0.1930501931,0.2340425532,0,0.339508297,0.1551842684,0.6658840158,0.7254743065,1,6.8246093,4.394449155,2.430160145
1705,0.1666666667,0.6041666667,0.8051282051,0.6545454545,1,0.06179971989,0.6539330366,0,0.03925353925,0.2446808511,0,1,0.08250825083,0.6444444444,0.1774809877,0.1981189417,11.835726,11.8630963,0.027370303
986,0.1333333333,0.4270833333,0.6666666667,1,1,0.3195028011,0.5216502763,0.7777777778,0.0102960103,0.3510638298,0,0.2427633285,0.1365236524,0.7837837838,0.4630033405,0.6345728287,8.540655,9.17812705,0.6374720496
1762,0.2266666667,0.40625,0.6974358974,0.8363636364,1,0.5411414566,0.7791728552,0.6222222222,0.3449163449,0.4042553191,0.48,0.5895694919,0.04758663366,0.725,0.2148841069,0.303721044,12.199816,11.35856143,0.8412545709
437,0.4,0.5416666667,0.6564102564,1,1,0.1069677871,0.5808557654,0.5185185185,0.2252252252,0.2340425532,0,0.1267849614,0.05123074807,0.8285714286,0.5045420285,0.4468503012,10.09766,8.540519017,1.557140983
2034,0.6333333333,0.1666666667,0.7487179487,0.6181818182,1,0.118522409,0.5990500377,0.5703703704,0.1943371943,0.2978723404,0,0.1173479761,0.04680968097,0.6170212766,0.3926686556,0.5833608088,8.96101,9.438750033,0.477740033
113,0.9666666667,0.21875,0.7384615385,0.4181818182,1,0.118522409,0.5990500377,0.5703703704,0.06113256113,0.3085106383,0.16,0.6024616932,0.05140951595,0.9354838709,0.3830889082,0.6801639911,9.706564,9.625557772,0.08100622847
342,0.82,0.2916666667,0.5897435897,0.8545454545,1,0.2442226891,0.5762881406,0.7407407407,0.268983269,0.2872340426,0.48,0.3636103307,0.05336908691,0.7073170731,0.3903445723,0.6045535326,9.367312,8.377011161,0.9903008392
285,0.1666666667,0.53125,0.558974359,1,1,0.4756652661,0.7643974918,0.6444444444,0.1016731017,0.1595744681,0,0.1705769639,0.1257803905,0.8285714286,0.4568684261,0.5532634685,10.467235,10.32495723,0.1422777652
267,0.3133333333,0.7604166667,0.4820512821,0.9090909091,1,0,0.7077554523,0.762962963,0.05598455598,0.1170212766,0.68,0.4834519256,0.03871012101,0.7837837838,0.2147171357,0.1855533125,11.953602,10.21394577,1.739656232
547,0.6733333333,0.2708333333,0.6974358974,0.8363636364,0,0.2594537815,0.5352687104,0.6592592593,0.06628056628,0.4361702128,0.84,0.6256036725,0.1932549505,0.6444444444,0.3201739284,0.3365111114,8.4290085,8.853665428,0.424656928
831,0.5666666667,0.1041666667,0.6615384615,0.7454545455,1,0.1143207283,0.523635635,0.5185185185,0.02702702703,0.3085106383,0,0.1822821141,0.0196919692,0.9354838709,0.3681501293,0.5912229213,10.350986,9.555843139,0.7951428611
367,0.14,0.5416666667,0.5897435897,1,1,0.2993697479,0.4095288189,0.5851851852,0.1293436293,0.2021276596,0.4,0.9418643018,0.08311331133,0.6304347826,0.3771002575,0.4500360517,7.4379935,7.306531399,0.1314621011
1481,0.6,0.7395833333,0.6666666667,0.4727272727,1,0.5672268908,1,1,0.1158301158,0.6914893617,0,0.2739142025,0.07789466447,0,0.5295572897,0.05934262385,10.916076,10.65904599,0.2570300068
1023,0.3733333333,0.2395833333,0.6307692308,0.5272727273,1,0.7230392157,0.498438439,0.6740740741,0.08301158301,0.4468085106,0.24,0.4397323127,0,0.6444444444,0.4577863045,1,7.244804,6.413458957,0.8313450428
1928,0.54,0.3854166667,0.4564102564,0.6909090909,1,0.118872549,0.6008432402,0.5407407407,0.08043758044,0.5,0,0.1639681994,0.07653327833,0.6304347826,0.3760826123,0.3513842758,9.794458,9.345133468,0.4493245317
1959,0.1,0.6354166667,0.5897435897,0.2,1,0.6850490196,0.6561510773,0.4666666667,0.1505791506,0.1808510638,0.4,0.1929229634,0.07864411441,0.5918367347,0.1857261578,0.6618995711,11.481719,8.683215975,2.798503025
1355,0.8866666667,0.2083333333,0.6102564103,0.7636363636,1,0.393907563,0.5869738626,0.7555555556,0.1177606178,0.2765957447,0.16,1,0.08729372937,0.8285714286,0.228497792,0.3009694166,8.023392,7.990915463,0.03247653691
19,0.7933333333,0.4166666667,0.7076923077,0.7454545455,1,0.3195028011,0.5216502763,0.7777777778,0.06113256113,0.3617021277,0,0.7478799215,0.06646727173,0.6444444444,0.4657454919,0.656442103,8.704119,10.33279939,1.628680387
906,0.3666666667,0.8125,0.4871794872,0.7636363636,0,0.6090686275,0.720966233,0.7407407407,0.08236808237,0.4255319149,0,0.5150447109,0,0.9354838709,0.4519940132,0.4821062985,12.107047,11.76662926,0.3404177413
332,0.3133333333,0.6979166667,0.5538461538,0.3454545455,1,0.1295518207,0.5744665043,0.7185185185,0.05662805663,0.3085106383,0,0.5355716601,0.05063943894,0.7073170731,0.4337695168,0.3492347339,9.762002,9.791941278,0.02993927779
1227,0.1733333333,0.04166666667,0.07179487179,0.9636363636,1,0.3445378151,0.5117453286,0.7481481481,0.1640926641,0.09574468085,0,0.06646321212,0.2125275028,0.6744186046,0.211982007,0.3535581032,7.0903673,6.075346031,1.015021269
2068,0.6,0.875,0.758974359,0.5818181818,1,0.4866946779,0.6531811402,0.5259259259,0.1319176319,0.2234042553,0,0,0.1921067107,0.5918367347,0.2026664266,0.2589769465,10.47516,11.31445014,0.8392901357
1458,0.3066666667,0.28125,0.4871794872,0.6909090909,1,0.3538165266,0.6658237201,0.6888888889,0.04054054054,0.07446808511,0.266294602,0.4108958374,0.04885863586,0.90625,0.2423397985,0.3143968246,8.543493,8.380456668,0.1630363322
2149,0.52,0.1979166667,0.7897435897,0.9636363636,1,0.5253851541,0.5757455826,0.8962962963,0.1544401544,0.4255319149,0,0.2669650959,0.06320819582,0.7073170731,0.2896478501,0.2801052905,8.228997,9.519221156,1.290224156
917,0.2133333333,0.28125,0.5743589744,0.9818181818,0,0.2387955182,0.6056270884,0.4814814815,0.04311454311,0.2872340426,0,0,0.1115167767,0.5471698113,0.1424073208,0.2174784199,9.662536,8.806424064,0.8561119361
944,0.34,0.4791666667,0.5948717949,0.4,1,0.2524509804,0.1621011118,0.3703703704,0.07593307593,0.2340425532,0,0,0.2130397415,0.5178571428,0.4579381614,0.6771205652,7.5238013,8.962647948,1.438846648
560,0.4666666667,0.1875,0.6615384615,0.3090909091,1,0.7769607843,0.2222552755,0.3259259259,0.1222651223,0.1170212766,0.24,0.3137685693,0.04185918592,0.7837837838,0.1787984013,0.1603818294,5.689142,6.03787092,0.3487289199
2003,0.28,0.4270833333,0.5846153846,0.9636363636,1,0.1390056022,0.6071658228,0.5037037037,0.176962677,0.9893617021,0,0.261222009,0.07814906491,0.9666666666,0.2695403936,0.4202260228,11.080473,10.12510995,0.9553630525
974,0.2733333333,0.4583333333,0.7538461538,0.9818181818,1,0.4096638655,0.7593224385,0.6666666667,0.1338481338,0.5744680851,0,0.7374973195,0.1772483498,0.4142857143,0.2906820181,0.5071803162,9.942275,9.599269511,0.3430054886
1143,0.2666666667,0.71875,0.5282051282,0.6181818182,1,0.2848389356,0.5689608813,0.8,0.04118404118,0.4893617021,0,0.3056163518,0.06443894389,0.6744186046,0.4042039302,0.4417463909,9.366,9.71099444,0.3449944404
1791,0.1466666667,0.4491695885,0.4820512821,0.6181818182,0,0.2816876751,0.1741672942,0.6592592593,0.3236808237,0.2021276596,0.68,0.1610143563,0.04190731573,0.6610581709,0.2834690263,0.4885982991,7.8729777,7.454141078,0.4188366219
1229,0.2,0.6041666667,0.7076923077,0.6,1,0.4297969188,0.6072928491,0.7925925926,0.08172458172,0.2234042553,0.2,0.8252528838,0.07139026403,0.7435897436,0.2872661948,0.4156730702,7.465166,9.015176707,1.550010707
2058,0.2666666667,0.5416666667,0.6256410256,0.3636363636,1,0.2246148459,0.5630892255,0.7481481481,0.03861003861,0.329787234,0.12,0.2361757592,0.03181380638,0.5918367347,0.2278676778,0.400164269,9.504441,9.317039991,0.1874010094
126,0.2666666667,0.4583333333,0.5076923077,0.9818181818,0,0.4238445378,0.6992128003,0.6666666667,0.3333333333,0.4468085106,0,0.1862215532,0,0.7435897436,0.2171583311,0.3231496421,9.760619,8.762176509,0.9984424907
1678,0.3066666667,0.28125,0.5948717949,0.4545454545,1,0.5241596639,0.6624894609,0.6814814815,0.1158301158,0.3510638298,0,0.1716007457,0.1055933718,0.537037037,0.1635001315,0.129865866,8.384057,7.486613313,0.8974436869
616,0.06666666667,0.0625,0.8358974359,0.2,1,0.7142857143,0.6590244145,0.4592592593,0.5051480051,0.1382978723,0.36,0,0.201540154,0.8787878788,0.1439942175,0.05034914513,9.575218,8.643473357,0.9317446427
1292,0.4066666667,0.2395833333,0.6,0.5636363636,1,0.3079481793,0.7048585489,0.7407407407,0.007078507079,0.414893617,0,0.6718490515,0.1104579208,0.7435897436,0.3663180887,0.4289769526,12.145785,13.59306551,1.447280513
1994,0.22,0.1145833333,0.2461538462,1,1,0.4254201681,0.4911856694,0.5481481481,0.3333333333,0.3191489362,0.266294602,0.03945351575,0.05860148515,0.7631578947,0.4383304147,0.5044890965,8.52401,6.186208624,2.337801376
1436,0.1466666667,0.3333333333,0.6871794872,0.8,1,0.2631302521,0.6856686755,0.5777777778,0.04118404118,0.2978723404,0,0.5062411529,0.068860011,0.8285714286,0.703416653,0.498737889,10.565167,10.14815773,0.4170092656
1654,0.36,0.4583333333,0.6974358974,0.4727272727,1,0.5241596639,0.6624894609,0.6814814815,0.05662805663,0.1489361702,0,0.4376431801,0.05930968097,0.7073170731,0.1937315447,0.1711064593,8.793797,8.221747728,0.5720492717
1139,0.1533333333,0.7083333333,0.4666666667,1,1,0.237570028,0.6892542851,0.7777777778,0.1563706564,0.7978723404,0.36,0.4746887884,0.1030321782,0.6744186046,0.1631800654,0.1939551927,12.162807,15.04283586,2.880028858
98,0.2066666667,0.2291666667,0.5435897436,0.4181818182,1,0.7401960784,0.8645479909,0.5481481481,0.3815958816,0.3404255319,0.48,0.1434985499,0.05142670517,0,0,0,10.909678,9.694185267,1.215492733
1706,0.5733333333,0.3020833333,0.5538461538,0.9272727273,1,0.2911414566,0.5864932823,0.6962962963,0.04954954955,0.2446808511,0.52,0.1679431022,0.04214108911,0.58,0.2751081357,0.36274759,9.819888,9.842462851,0.0225748507
293,0.2266666667,0.5208333333,0.7230769231,1,1,0.5068277311,0.7641827946,0.4814814815,0.05341055341,0.5,0,0.280131658,0.1359323432,0.7435897436,0.5138161815,0.7119591533,11.212396,11.23590634,0.02351034069
699,0.56,0.3125,0.5025641026,0.8545454545,1,0.2993697479,0.4095288189,0.5851851852,0.1287001287,0.2234042553,0.56,0.7633617764,0.05082508251,0.90625,0.210143183,0.1102441986,7.457481,8.411832676,0.9543516758
1331,0.09333333333,0.5520833333,0.6205128205,0.4181818182,0,0.2781862745,0.2071531679,0.5481481481,0.0006435006435,0.7553191489,0.32,0.2099285128,0,0.7837837838,0.4728257615,0.9167662474,4.970936,5.365976015,0.395040015
383,0.66,0.09375,0.4051282051,0.7090909091,0,0.7230392157,0.498438439,0.6740740741,0.01930501931,0.2234042553,0,0,0.1126650165,0.6904761905,0.1421374769,0.1424578314,7.2099657,6.877296071,0.3326696285
2102,0.46,0.1875,0.7128205128,0.5818181818,1,0.3079481793,0.7048585489,0.7407407407,0.05405405405,0.4468085106,0,0.3259289199,0.03499724972,0.7073170731,0.3808894938,0.4471598388,12.743477,11.92133291,0.8221440932
968,0.48,0.4479166667,0.6871794872,1,1,0.1390056022,0.6071658228,0.5037037037,0.05984555985,0.7765957447,0,0.2062142558,0.1639026403,0.6590909091,0.3543517109,0.5634096677,11.142368,11.68089452,0.5385265155
844,0.8333333333,0.4479166667,0.5794871795,0.8545454545,1,0.1041666667,0.486330426,0.7333333333,0.007722007722,0.2127659574,0,0.6066326425,0.06349009901,0.8055555555,0.3780397739,0.5953986402,8.939529,8.689464412,0.2500645876
133,0.05333333333,0.2708333333,0.2820512821,0.9636363636,1,0.2442226891,0.5762881406,0.7407407407,0.2329472329,0.3617021277,0.44,0.1848477085,0.1615305281,0.7073170731,0.2912615452,0.2812365543,9.207687,13.90751528,4.699828281
1346,0.32,0.15625,0.6307692308,0.9636363636,1,0.5952380952,0.6314623108,0.5111111111,0.2329472329,0.5425531915,0,0.105632983,0.07391664148,0.6744186046,0.2680628662,0.4295136813,9.544738,9.64316121,0.09842321009
345,0.1533333333,0.4583333333,0.6512820513,0.1818181818,1,0.2783613445,0.5576940272,0.8518518519,0.1087516088,0.4893617021,0.68,0.5200659751,0.08005363036,0.3295454545,0.2533366283,0.03215886855,9.404462,8.432070938,0.972391062
246,0.2466666667,0.3958333333,0.7846153846,0.9818181818,0,0.4520308123,0.4636998684,0.5777777778,0.1512226512,0.2234042553,0.84,0.3606581115,0.03991336634,0.4915254237,0.2384969643,0.2717373923,7.367342,6.666956792,0.7003852076
1167,0.8933333333,0.21875,0.7743589744,0.5454545455,1,0.118522409,0.5990500377,0.5703703704,0.1145431145,0.3191489362,0,0.433531326,0.03557480748,0.8529411764,0.3652144179,0.549966588,9.518757,9.826012379,0.3072553793
1875,0.1466666667,0.59375,0.6102564103,0.9818181818,1,0.3678221289,0.7574865736,0.6740740741,0.02187902188,0.07446808511,0.266294602,0.8150421888,0.0523239824,0.5576923077,0.2921080493,0.3489781221,9.931197,10.52331107,0.5921140687
306,0.06666666667,0.71875,0.6051282051,0.7090909091,1,0.1419817927,0.5891826394,0.6740740741,0.4214929215,0.06382978723,0,0.5984822817,0.01965071507,0.6444444444,0.4806488257,0.6050135507,8.870163,9.159993998,0.2898309975
538,0.28,0.8645833333,0.6512820513,0.8181818182,1,0.5805322129,0.5737272012,0.6444444444,0.2374517375,0.4042553191,0,0.625169218,0.06682480748,0.6744186046,0.3966797139,0.5339997522,8.213081,6.849066283,1.364014717
607,0.28,0.3958333333,0.8102564103,0.7272727273,1,0.4847689076,0.8692520364,0.9111111111,0.4382239382,0.2234042553,0.266294602,0.7719859344,0.07501375138,0.725,0.3868631641,1,14.10927,13.0004443,1.1088257
188,0.1733333333,0.3854166667,0.7128205128,1,0,0.4494047619,0.5716616281,0.5851851852,0.08751608752,0.3723404255,0.44,0.2683821085,0.08042491749,0.725,0.3198117998,0.6738345414,8.205619,7.482118924,0.7235000764
217,0.7466666667,0.3541666667,0.6512820513,0.7454545455,0,0.4847689076,0.8692520364,0.9111111111,0.2947232947,0.2553191489,0.266294602,0.2666766579,0,0.7073170731,0.4646344417,0.3299288288,14.202247,12.84447585,1.357771152
91,0.54,0.34375,0.8923076923,0.5818181818,0,0.2076330532,0.4367683438,0.5111111111,0.407979408,0.03191489362,0,0,0.01837871287,0.8529411764,0.1733761068,0.2054720068,9.697855,13.65992401,3.962069014
1228,0.22,0.6875,0.5846153846,0.6727272727,1,0.6090686275,0.720966233,0.7407407407,0.1544401544,0.3829787234,0,0.6885051193,0.04319306931,0.6590909091,0.2943848757,0.2569809044,12.162151,10.40861698,1.753534016
25,0.6133333333,0.2291666667,0.6102564103,1,1,0.2442226891,0.5762881406,0.7407407407,0.3108108108,0.2446808511,0.44,0.1346783284,0.1771727173,0.5178571428,0.4349987269,0.7637632541,9.382384,10.68795971,1.30557571
887,0.2866666667,0.3333333333,0.4974358974,0.4545454545,1,0.2204131653,0.6351498842,0.837037037,0.02059202059,0.7553191489,0,0.1513338337,0.01779427943,0.6744186046,0.3836162273,0.169384076,9.959202,10.98405467,1.024852669
275,0.3066666667,0.6041666667,0.6461538462,0.4545454545,0,0.6090686275,0.720966233,0.7407407407,0.1846846847,0.2340425532,0,0.7451796596,0,0.6696108269,0.6083485794,0.4247424383,12.663829,12.00424406,0.6595849423
688,0.5266666667,0.5416666667,0.6256410256,0.7454545455,1,0.2391456583,0.6175857063,0.6962962963,0.03732303732,0.4042553191,0.32,0.3456505925,0.1457577008,0.725,0.4137792931,0.3276698611,9.675018,9.132919225,0.542098775
1121,0.98,0.3229166667,0.6102564103,0.7272727273,1,0.4847689076,0.8692520364,0.9111111111,0.05727155727,0.2446808511,0,0.5408461588,0.08429592959,0.6041666666,0.6356727908,0.3506630295,11.940197,11.73039696,0.2098000395
1945,0.12,0.3333333333,0.8461538462,0.6727272727,1,0.2785364146,0.429193101,0.5703703704,0.06113256113,0.329787234,0.266294602,0.2080167734,0.05343784378,0.6744186046,0.221599706,0.1546074813,7.210637,7.333676396,0.1230393957
1759,0.6266666667,0.2604166667,0.6358974359,0.5818181818,1,0.3079481793,0.7048585489,0.7407407407,0.2007722008,0.2021276596,0,0.570714989,0.0698569857,0.6744186046,0.2544050576,0.2475458735,12.088677,13.41518223,1.326505234
421,0.3466666667,0.4375,0.4307692308,0.8909090909,1,0.6090686275,0.720966233,0.7407407407,0.1743886744,0.2127659574,0,0.1679010492,0,0.9354838709,0.5531747786,1,10.552605,12.44347407,1.890869069
1669,0.4266666667,0.2083333333,0.6358974359,0.9636363636,1,0.5952380952,0.6314623108,0.5111111111,0.2329472329,0.3510638298,0,0.1823538263,0.1562156216,0.58,0.3486813364,0.67914377,9.83403,9.624038165,0.209991835
1637,0.5533333333,0.4791666667,0.8461538462,0.9818181818,1,0.4254201681,0.4911856694,0.5481481481,0.2831402831,0.3723404255,0.266294602,0.04404915283,0.1090277778,0.7837837838,0.3366765704,0.5156047459,9.04512,5.690359454,3.354760546
601,0.44,0.5416666667,0.641025641,1,1,0.4520308123,0.4636998684,0.5777777778,0.01222651223,0.3191489362,0,0.5982377753,0.1039260176,0.6590909091,0.3276609017,0.3975781168,7.3952913,8.702344075,1.307052775
1379,0.42,0.4166666667,0.7846153846,0.9090909091,1,0.4254201681,0.4911856694,0.5481481481,0.5057915058,0.5638297872,0.266294602,0,0.08250137514,0.7435897436,0.3396912171,0.2121492534,8.937292,10.15688869,1.219596691
1685,0.1266666667,0.5833333333,0.5692307692,0.6,1,0.2848389356,0.5689608813,0.8,0.01866151866,0.5425531915,0,0.5639845887,0.1213008801,0.6590909091,0.358666925,0.4007613496,9.166301,9.526245403,0.3599444034
1773,0.3266666667,0.34375,0.5128205128,0.5272727273,1,0.2524509804,0.1621011118,0.3703703704,0.09073359073,0.1170212766,0,0.1728115377,0.1657522002,0.6904761905,0.3650945149,0.4743671752,7.0249877,6.728628613,0.2963590869
1714,0.09333333333,0.5729166667,0.6666666667,0.8545454545,1,0.237570028,0.6892542851,0.7777777778,0.1692406692,0.1914893617,0.52,0.7095628205,0.03601485149,0.90625,0.3287899461,0.6441314555,11.123558,9.48774481,1.63581319
1536,0.1933333333,0.96875,0.5846153846,0.7636363636,1,0.5691526611,0.6410597995,0.7111111111,0.007078507079,0.3085106383,0,0.1692584925,0.04554455446,0.5471698113,0.4090869619,0.7851113698,9.95061,9.448805939,0.5018040606
1718,0.3,0.2916666667,0.558974359,0.7818181818,1,0.2631302521,0.6856686755,0.5777777778,0.03539253539,0.2553191489,0,0.2685928472,0.1586599285,0.6170212766,0.2446114652,0.2567679966,10.443097,9.365290732,1.077806268
216,0.3266666667,0.375,0.5538461538,0.6727272727,1,0.3538165266,0.6658237201,0.6888888889,0.01415701416,0.1382978723,0.266294602,0.5572947298,0.07194719472,0.6590909091,0.2363467716,0.3464443094,8.964078,9.959347902,0.995269902
314,0.5933333333,0.3020833333,0.6820512821,0.5272727273,1,0.3195028011,0.5216502763,0.7777777778,0.1351351351,0.5106382979,0,0.2992634785,0.06485836084,0.5087719298,0.4748678045,0.5929421921,8.414085,9.376955899,0.9628708989
1760,0.8933333333,0.5,0.5743589744,0.5090909091,0,0.4297969188,0.6072928491,0.7925925926,0.3597168597,0.3404255319,0.56,0.7579824948,0.1096809681,0.5918367347,0.4878852164,0.5282730241,8.967085,8.354203563,0.6128814371
111,0.1133333333,0.8333333333,0.4974358974,0.9090909091,1,0.3242296919,0.7635355549,0.6740740741,0.1743886744,0.170212766,0,0.6543868018,0.03271452145,0.9666666666,0.2139632287,0.245248235,12.361553,12.68432962,0.322776622
1512,0.3,0.6666666667,0.3025641026,0.7090909091,1,0.0931372549,0.3794729581,0.6148148148,0.1743886744,0.170212766,0,0.2711041665,0.04012651265,0.4915254237,0.1930211684,0.1717053837,8.452044,8.667680025,0.2156360247
99,0.08,0.5520833333,0.8153846154,0.9818181818,0,0.4676120448,0.5386453725,0.4740740741,0.7027027027,0.4255319149,0.24,0,0.06544279428,0.453125,0,0,8.972216,10.33731333,1.365097334
280,0.3,0.46875,0.4871794872,0.5636363636,0,0.5003501401,0.589803707,0.7407407407,0.3500643501,0.2446808511,0.72,0.3182889425,0.1092821782,0.6744186046,0.5185005907,1,9.57224,8.335911094,1.236328906
1497,0.1666666667,0.6875,0.6358974359,0.7818181818,1,0.4866946779,0.6531811402,0.5259259259,0.2722007722,0.414893617,0.52,0.2439852559,0.03638613861,0.6744186046,0.184302668,0.2085224754,11.552048,10.97802912,0.5740188815
1990,0.3466666667,0.1979166667,0.6923076923,0.6909090909,1,0.3079481793,0.7048585489,0.7407407407,0.0546975547,0.3404255319,0,0.3821383453,0.03908828383,0.6041666666,0.3621393646,0.4491302889,12.05951,11.69933034,0.3601796597
987,0.1066666667,0.59375,0.5794871795,1,0,0.09086134454,0.6813843201,0.7407407407,0.08043758044,0.3723404255,0,0.2503582781,0.002420242024,0.8055555555,0.5646040277,0.2185806179,10.950602,10.78737905,0.163222948
788,0.34,0.28125,0.6256410256,0.6181818182,1,0.07755602241,0.5572478353,0.2814814815,0.04247104247,0.4893617021,0.48,0.1875542083,0.0248040429,0.6170212766,0.24799596,0.2446589248,10.011647,11.32016562,1.308518618
1123,0.2533333333,0.6354166667,0.4,0.9454545455,1,0.09086134454,0.6813843201,0.7407407407,0.1222651223,0.3085106383,0.16,0.2582585027,0.02677048955,0.6041666666,0.3738107591,0.4638089934,10.471909,10.58630658,0.1143975809
1386,0.6133333333,0.25,0.6717948718,0.5454545455,1,0.6470588235,0.5977869188,0.7259259259,0.1306306306,0.3723404255,0,0.6720468288,0.1207989549,0.9354838709,0.2251462589,0.319363886,9.579914,9.200895913,0.3790180869
959,0.3133333333,0.3333333333,0.7692307692,0.7636363636,1,0.5411414566,0.5789520492,0.5851851852,0.1743886744,0.1382978723,0.56,0.4152141532,0,0.6904761905,0.3777835651,0.6064750714,7.0425377,5.828945618,1.213592082
1307,0.04,0.34375,0.2153846154,0.9090909091,1,0.3445378151,0.5117453286,0.7481481481,0.2882882883,0.1489361702,0.32,0.3474505321,0.2152433993,0.6041666666,0.1967758907,0.3039029463,7.7065434,6.754604099,0.9519393005
52,0.3066666667,0.34375,0.6358974359,0.5454545455,1,0.1011904762,0.4009069239,0.7555555556,0.07593307593,0.1489361702,0,0.2089223767,0.06426017602,0,0.5595439598,0.3376128714,8.492565,6.135564891,2.357000109
1803,0.4733333333,0.4488982986,0.4153846154,0.7454545455,1,0.2631302521,0.6856686755,0.5777777778,0.1447876448,0.2021276596,0,0.5595879691,0.1950288779,0.8285714286,0.3921160542,0.670589262,10.906925,10.74032374,0.1666012629
1953,0.4666666667,0.1666666667,0.6820512821,0.4,1,0.3079481793,0.7048585489,0.7407407407,0.04826254826,0.2978723404,0,0.5545187634,0.06590346535,0.7435897436,0.3976718131,0.4100712458,11.9837885,11.42705162,0.5567368774
1295,0.38,0.7395833333,0.4871794872,0.9818181818,1,0.4585084034,0.4435022411,0.7185185185,0.2020592021,0.5,0,0.8724685481,0.01144114411,0.8055555555,0.624967978,0.532827392,8.354986,6.939253946,1.415732054
2166,0.03333333333,0.3125,0.8102564103,1,1,0.4494047619,0.5716616281,0.5851851852,0.0250965251,0.2765957447,0.64,0.285288831,0.06230060506,0.6904761905,0.3380943596,0.7932317216,7.9482384,8.102586425,0.1543480254
2093,0.34,0.59375,0.5487179487,0.5818181818,1,0.118872549,0.6008432402,0.5407407407,0.1325611326,0.2021276596,0,0.228521995,0.0185849835,0.9666666666,0.3944852268,0.4215786626,9.61593,9.512369038,0.1035609619
555,0.006666666667,0.4166666667,0,0.9818181818,1,0.3387605042,0.3830788326,0.4740740741,0.1737451737,0.2234042553,0.04,0.6547763266,0.1132838284,0,0.2837793108,0.1352164568,6.8252563,5.720311777,1.104944523
9,0.44,0.5625,0.4358974359,0.4909090909,1,0.5003501401,0.589803707,0.7407407407,0.2323037323,0.3510638298,0.68,0.1693222435,0.06232123212,0,0.3718280706,0.3091984918,7.6594343,7.236339343,0.4230949572
1337,0.62,0.6875,0.5487179487,0.9636363636,0,0.237570028,0.6892542851,0.7777777778,0.1402831403,0.4361702128,0.88,0.2763819832,0,0.6744186046,0.482442457,0.5967953511,12.374017,11.38264592,0.9913710778
1640,0.9666666667,0.4270833333,0.6153846154,0.4545454545,1,0.6470588235,0.5977869188,0.7259259259,0.2754182754,0.5957446809,0,0.6669905372,0,0.662944367,0.3630861725,0.5979327713,9.123719,9.191870856,0.06815185569
295,0.2,0.59375,0.4666666667,0.9272727273,1,0.5717787115,0.5603248675,0.6814814815,0.04761904762,0.4680851064,0.24,0.275708262,0.1438256326,0.7435897436,0.2354432649,0.3041119058,8.428187,7.76937861,0.6588083905
27,0.3808760684,0.53125,0.9435897436,0.7636363636,1,0.5775560224,0.4410367834,0.6,0.102960103,0.4255319149,0.44,0,0.08103685369,0.6744186046,0.3625492604,1,7.6529016,6.987490247,0.665411353
1548,0.24,0.3020833333,0.6769230769,0.7454545455,1,0.1503851541,0.6624894609,0.5111111111,0.06563706564,0.3829787234,0,0.2548096441,0.04207920792,0.58,0.161443417,0.1572245313,11.01382,10.87700892,0.1368110821
529,0.08,0.25,0.3179487179,0.9272727273,1,0,0.7077554523,0.762962963,0.02895752896,0.2978723404,0.24,0.1944482778,0.1051430143,0.6170212766,0.2019472338,0.2027864805,11.315587,12.60057791,1.284990913
1560,0.1866666667,0.5208333333,0.6974358974,0.9272727273,1,0.5241596639,0.6624894609,0.6814814815,0.1943371943,0.3510638298,0,0.2933517312,0.1837940044,0.6904761905,0.1653815846,0.1245597542,9.609589,8.448485993,1.161103007
854,0.3533333333,0.6875,0.6717948718,0.6909090909,0,0.4847689076,0.8692520364,0.9111111111,0.3359073359,0.3936170213,0,0.7621827122,0,0.8285714286,0.4960294726,0.4217908931,13.221304,13.80019284,0.5788888384
1042,0.6533333333,0.2291666667,0.8307692308,0.8909090909,0,0.6020658263,0.7512420102,0.6740740741,0.1344916345,0.2021276596,0.2,0.6574399173,0.03202007701,0.8285714286,0.5081795815,0.4867500975,10.510747,10.84684856,0.3361015559
366,0.48,0.4166666667,0.9230769231,0.6727272727,1,0.4719887955,0.6379750463,0.362962963,0.1402831403,0.1595744681,0,0,0.01368949395,0,0.5196434713,0.3452173138,7.184764,8.114922974,0.9301589742
1382,0.38,0.3958333333,0.758974359,0.8,0,0.2442226891,0.5762881406,0.7407407407,0.4839124839,0.4680851064,0.92,0.9896511771,0,0.4393939394,0.2369423643,0.397787739,10.896901,11.85741547,0.9605144732
290,0.5866666667,0.3541666667,0.5538461538,1,1,0.1069677871,0.5808557654,0.5185185185,0.06370656371,0.4574468085,0,0.1927385442,0.07209845985,0.8055555555,0.4903765693,0.6532653418,10.773374,11.99932519,1.225951191
2152,0.4866666667,0.1145833333,0.6205128205,0.5636363636,1,0.2515756303,0.5661749638,0.6814814815,0.2651222651,0.2978723404,0,0.004718690291,0.08468784378,0.9666666666,0.3001420506,0.2846568953,9.460706,7.476472381,1.984233619
1217,0.2866666667,0.6041666667,0.5384615385,0.9272727273,1,0.09086134454,0.6813843201,0.7407407407,0.1164736165,0.4042553191,0,0.2469695836,0.05483360836,0.4603174603,0.5117653516,0.4529254572,10.483206,10.70696786,0.2237618648
355,0.28,0.375,0.8512820513,0.4727272727,0,0.8277310924,0.5576940272,0.6814814815,0.2316602317,0.2021276596,0.266294602,0,0.1248074807,0.5918367347,0.6602637721,0.9343977445,6.965324,7.414572881,0.4492488814
797,0.2266666667,0.5416666667,0.5897435897,0.8181818182,1,0.4418767507,0.5856864599,0.6148148148,0.03603603604,0.8723404255,0,0.6675127268,0.1350728823,0.5272727272,0.4206695396,0.8318103022,7.829487,8.968141414,1.138654414
416,0.5866666667,0.6458333333,0.2717948718,0.2727272727,0,0.6090686275,0.720966233,0.7407407407,0.09202059202,0.3723404255,0,0.3254127295,0,0.6444444444,0.474449983,0.2992845286,11.598032,11.81148071,0.2134487097
460,0.02666666667,0.59375,0.6974358974,0.7454545455,1,0.4849439776,0.7921414522,0.437037037,0.1518661519,0.2340425532,0.52,1,0.02102585259,0.6444444444,0.2114384688,0.297354364,10.930018,9.195125206,1.734892794
1529,0.56,0.5,0.5128205128,0.9818181818,1,0.237570028,0.6892542851,0.7777777778,0.007722007722,0.8085106383,0.68,0.3430434917,0.05176705171,1,0.6587414561,0.5313047334,11.710168,10.53297582,1.177192175
1163,0.4066666667,0.05208333333,0.7025641026,1,1,0.5411414566,0.5789520492,0.5851851852,0.1254826255,0.01063829787,0.24,0,0.1727860286,0.7435897436,0.2580293196,0.4543405671,7.6498785,5.899897354,1.749981146
1489,0.4333333333,0.3020833333,0.4974358974,0.4181818182,1,0.4254201681,0.4911856694,0.5481481481,0.06628056628,0.6489361702,0.266294602,0.3892683468,0.2253369087,0.568627451,0.422218211,0.6576971334,7.04332,7.526717561,0.4833975614
668,0.8333333333,0.5,0.5333333333,0.9636363636,1,0.7410714286,0.6179239847,0.6518518519,0.003217503218,0.5531914894,0,0.3568690394,0.08148377338,0.8529411764,0.1802547348,0.2081310757,8.112721,6.65544035,1.45728065
1741,0.18,0.8854166667,0.4461538462,0.9818181818,1,0.6850490196,0.6561510773,0.4666666667,0.2574002574,0.2553191489,0.56,0.2683871085,0.02255913091,0.5918367347,0.2305864662,0.3914050017,10.567905,10.78035115,0.21244615
1547,0.2733333333,0.59375,0.6923076923,0.2909090909,1,0.06179971989,0.6539330366,0,0.314028314,0.2978723404,0.56,1,0.08302392739,0.5471698113,0.1459805804,0.1397571963,12.614128,11.73534876,0.878779243
236,0.4533333333,0.4375,0.6,0.8727272727,0,0.9143907563,0.5380914818,0.5555555556,0.01351351351,0.5,0,0.2111249022,0.2112279978,0.6703551301,0.4767064707,0.4285263717,7.495304,6.284134161,1.211169839
1769,0.2666666667,0.6770833333,0.6,0.8909090909,1,0.09086134454,0.6813843201,0.7407407407,0.06048906049,0.329787234,0,0.4287195925,0.08505225523,0.7073170731,0.5072038547,0.6544497386,10.554839,10.50199433,0.05284467106
260,0.34,0.8854166667,0.5025641026,1,1,0.5870098039,0.8550860872,0.7925925926,0.3101673102,0.3404255319,0.2,0.401424068,0.03671617162,0.6744186046,0.492250084,1,12.891944,13.28596922,0.394025216
915,0.34,0.2916666667,0.5179487179,0.9636363636,1,0.4495798319,0.7622266741,0.7407407407,0.2619047619,0.5,0.266294602,0.5415910141,0,0.8055555555,0.2164962839,0.2258597782,11.102194,10.60487568,0.497318317
1201,0.6266666667,0.4270833333,0.5384615385,0.4181818182,1,0.3079481793,0.7048585489,0.7407407407,0.37001287,0.2021276596,0,0,0.197139714,0.4202898551,0.6335943205,1,10.80976,14.80607688,3.996316877
643,0.52,0.25,0.5333333333,0.6363636364,1,0.5003501401,0.589803707,0.7407407407,0.2136422136,0.3617021277,0.68,0.1442253325,0.02407178218,0,0.4218809485,0.7818677278,7.6528435,7.360739903,0.2921035969
1783,0.42,0.4583333333,0.6307692308,0.6,1,0.4866946779,0.6531811402,0.5259259259,0.0250965251,0.2978723404,0.32,0.1985064585,0.1303286579,0.6304347826,0.1562772062,0.1615707472,10.440694,9.795846661,0.644847339
2114,0.38,0.7395833333,0.3794871795,0.6363636364,1,0.5399159664,0.8814573411,0.7407407407,0.04954954955,0.1489361702,0,0.2302475817,0.05669691969,0.3670886076,0.1858351232,0.1600508062,11.7545,13.51081931,1.756319313
1924,0.2933333333,0.3854166667,0.6358974359,0.9818181818,1,0.4254201681,0.4911856694,0.5481481481,0.184041184,0.6914893617,0.266294602,0.4986066445,0.1199360561,0.7631578947,0.3306162721,0.3890366833,7.4869695,6.434546519,1.052422981
931,0.2866666667,0.28125,0.5743589744,0.9454545455,0,0.3487394958,0.7240664707,0.7333333333,0.1673101673,0.2234042553,0,0.382572446,0.06745737074,0.7435897436,0.2486446837,0.2929472222,11.826073,10.58007335,1.245999653
1021,0.16,0.0625,0.2564102564,0.9454545455,0,0.3538165266,0.6658237201,0.6888888889,0.1776061776,0.08510638298,0.266294602,0.1348604695,0.1777915292,0.6744186046,0.2674961523,0.4025411689,9.49675,9.023408203,0.4733417974
695,0.08666666667,0.7083333333,0.6205128205,0.8,0,0.3487394958,0.7240664707,0.7333333333,0.1460746461,0.3404255319,0,0.6195667651,0.09224078658,0.6904761905,0.3967219979,0.2337955888,11.366215,10.06942563,1.29678937
736,0.94,0.4375,0.641025641,0.8909090909,0,0.1132703081,0.5277900464,0.5851851852,0.166023166,0.4680851064,0.76,0.604648029,0.1652365237,0.5576923077,0.3174880122,0.5758994371,9.728324,9.08873755,0.6395864498
237,0.36,0.625,0.5538461538,0.5272727273,0,0.1132703081,0.5277900464,0.5851851852,0.09009009009,0.4680851064,0.56,0.2629677188,0.07479372937,0.6304347826,0.2429095369,0.1449884267,9.677907,9.922701771,0.2447947715
2029,0.1266666667,0.7604166667,0.6153846154,1,1,0.1390056022,0.6071658228,0.5037037037,0.1126126126,0.829787234,0,0.5465451382,0.04339933993,0.8529411764,0.2871407167,0.5154843741,11.071865,11.71739168,0.6455266756
1370,0.52,0.4479166667,0.6153846154,0.8909090909,1,0.6470588235,0.5977869188,0.7259259259,0.1357786358,0.4361702128,0,0.6463481754,0.07079207921,0.7631578947,0.2872109111,0.5502012094,9.755747,10.11167989,0.3559328894
1084,0.9,0.2291666667,0.8461538462,0.9818181818,1,0.5672268908,1,1,0.1402831403,0.2553191489,0,0.2937228956,0.005363036304,0.5087719298,0.420878077,0.5870906196,11.644167,11.64035075,0.003816246775
23,0.1533333333,0.5729166667,0.4820512821,0.7818181818,1,0.3704481793,0.3575609079,0.5851851852,0.06756756757,0.1808510638,0,0.3433917308,0.04719471947,0.4833333333,0.2198665694,0.1893905328,6.336431,6.142037406,0.1943935944
1695,0.2466666667,0.4479166667,0.7333333333,0.6909090909,1,0.2631302521,0.6856686755,0.5777777778,0.01287001287,0.3617021277,0,0.7203976614,0,0.6170212766,0.2660182159,0.3425660967,10.459306,9.67715141,0.7821545897
834,0.32,0.46875,0.6256410256,0.4727272727,1,0.3594187675,0.3429032927,0.5111111111,0.09459459459,0.4680851064,0.266294602,0.3708345982,0.06689356436,0.397260274,0.7150760866,0.5500236949,6.215072,5.209486153,1.005585847
1141,0.1066666667,0.07291666667,0.7846153846,0.8545454545,1,0.4847689076,0.8692520364,0.9111111111,0.05984555985,0.2978723404,0,0.01193926636,0.1339040154,0.5576923077,0.1878723973,0.1634269356,11.642155,11.89707841,0.254923407
2089,0.5333333333,0.1770833333,0.7025641026,0.6727272727,1,0.3079481793,0.7048585489,0.7407407407,0.1158301158,0.2872340426,0,0.3144133112,0.06777365237,0.725,0.3652818759,0.416972623,11.640906,13.34291477,1.702008772
1843,0.3733333333,0.71875,0.3846153846,0.7090909091,1,0.01278011204,0.1816977952,0.7555555556,0.05791505792,0.4255319149,0,0.2229616732,0.114325495,0.6041666666,0.1124498362,0.2062870364,7.893519,7.146772179,0.7467468205
1049,0.4733333333,0.6875,0.6307692308,0.5272727273,1,0.1295518207,0.5744665043,0.7185185185,0.0592020592,0.3085106383,0,0.6470509567,0.06261688669,0.6590909091,0.3680887955,0.3057652913,9.535282,12.07014982,2.534867824
1561,0.2733333333,0.625,0.5538461538,0.5454545455,1,0.5241596639,0.6624894609,0.6814814815,0.2374517375,0.2340425532,0.12,0.472376484,0.0625,0.663320601,0.1364307024,0.09894283391,9.597924,11.92929095,2.331366948
883,0.18,0.15625,0.6615384615,0.9090909091,0,0.7769607843,0.2222552755,0.3259259259,0.03024453024,0.5744680851,0.48,0.195787676,0.024889989,0.7073170731,0.1786730366,0.2035920145,5.425734,6.634633358,1.208899358
317,0.6133333333,0.1458333333,0.5076923077,0.1636363636,0,0.5003501401,0.589803707,0.7407407407,0.005148005148,0.2765957447,0.36,0.1484217537,0,0.6041666666,0.4924712323,0.4695454816,7.7902975,7.952966791,0.1626692909
320,0.3466666667,0.28125,0.6564102564,0.8909090909,1,0.07755602241,0.5572478353,0.2814814815,0.01866151866,0.5106382979,0.76,0.4649504916,0.05583058306,0.6304347826,0.1947815292,0.1871768247,9.885064,9.491450899,0.393613101
709,0.09333333333,0.4479166667,0.8974358974,0.9090909091,0,0.8277310924,0.5576940272,0.6814814815,0.1583011583,0.2234042553,0.266294602,1,0.1464521452,0.05609284331,0.5293111827,0.6933938588,6.336802,5.84932478,0.4874772201
68,0.38,0.5520833333,0.4564102564,0.5818181818,0,0.6090686275,0.720966233,0.7407407407,0.05083655084,0.2234042553,0,0.5815866963,0.0006394389439,0.6904761905,0.459889392,0.627936791,11.88602,11.93000289,0.04398288841
881,0.1733333333,0.3958333333,0.7846153846,0.8181818182,0,0.4847689076,0.8692520364,0.9111111111,0.3474903475,0.1914893617,0.266294602,0.5555390853,0.08423748625,0.5918367347,0.3804637607,0.4499005129,13.74304,15.3172617,1.574221696
2006,0.68,0.3541666667,0.7230769231,0.6545454545,1,0.118522409,0.5990500377,0.5703703704,0.2908622909,0.1595744681,0,0,0.1215174642,0.6904761905,0.3121903041,0.4514708472,9.673303,13.07781779,3.404514792
656,0.94,0.375,0.5025641026,0.8,1,0.2598039216,0.7679697104,0.7037037037,0.05727155727,0.1170212766,0,0.3548777683,0.07762775825,0.537037037,0.4217024127,0.3486702039,11.153575,11.55084726,0.397272258
1903,0.4666666667,0.4375,0.6564102564,0.8909090909,1,0.1390056022,0.6071658228,0.5037037037,0.2734877735,0.8617021277,0,0.1913381517,0.08621424642,0.6744186046,0.2573253857,0.431972338,11.163062,9.862144589,1.300917411
540,0.6466666667,0.5625,0.7538461538,0.9454545455,0,0.9143907563,0.5380914818,0.5555555556,0.2368082368,0.6382978723,0,0,0.00401540154,0.8529411764,0.4535203481,0.4747910664,8.266189,9.752548377,1.486359377
476,0.5066666667,0.625,0.3692307692,0.5272727273,0,0.6090686275,0.720966233,0.7407407407,0.1499356499,0.2021276596,0,0.4307986843,0,0.7073170731,0.4655152562,0.6645855203,12.774792,12.1726141,0.6021779008
1645,0.5133333333,0.5104166667,0.5128205128,0.8181818182,1,0.118872549,0.6008432402,0.5407407407,0.1776061776,0.9893617021,0,0,0.2214933993,0.6744186046,0.2844545203,0.297138289,9.844464,11.38313564,1.538671635
1431,0.07333333333,0.3645833333,0.7179487179,0.8181818182,1,0.2785364146,0.429193101,0.5703703704,0.1093951094,0.3085106383,0,0.9108926883,0.02534378438,0.725,0.1703615623,0.09765468404,7.426022,7.43543802,0.009416019815
1024,0.5866666667,0.3020833333,0.5692307692,0.8909090909,1,0.1069677871,0.5808557654,0.5185185185,0.0888030888,0.2872340426,0,0.151867078,0.02042079208,0.8529411764,0.4454350685,0.6386339792,10.556291,10.2566413,0.2996496957
1805,0.1733333333,0.3333333333,0.5743589744,0.7090909091,1,0.5742296919,0.6813843201,0.3925925926,0.05534105534,0.4468085106,0,0.362589411,0.02050330033,0.8787878788,0.3434779712,0.4516359339,10.810631,9.312264992,1.498366008
661,0.1933333333,0.4270833333,0.5846153846,1,1,0.7107843137,0.4705226282,0.7259259259,0.1441441441,0.2553191489,0.76,0.7369774339,0.08432343234,0.5918367347,0.1741498814,0.1136442154,7.9400716,5.455321115,2.484750485
489,0.1466666667,0.5104166667,0.5538461538,0.5636363636,1,0.3037464986,0.4993045608,0.5925925926,0.0694980695,0.414893617,0,0.5373014923,0.1296685919,0.7073170731,0.4046997684,0.3299772982,8.582624,9.901084668,1.318460668
684,0.6266666667,0.4479166667,0.3076923077,0.5818181818,0,0.5096288515,0.6791616244,0.6666666667,0.7277992278,0.08510638298,0.2,0.108820385,0,0.7837837838,0.5232219492,0.4994974133,11.683704,10.43825429,1.245449713
153,0.7,0.21875,0.5538461538,0.8363636364,1,0.2442226891,0.5762881406,0.7407407407,0.2908622909,0.3936170213,0.68,0.1236709269,0.1162334983,0.6590909091,0.4088869788,0.7052382252,9.271762,9.016270068,0.2554919319
619,0.5133333333,0.3645833333,0.6923076923,0.5454545455,1,0.6097689076,0.7793540817,0.7037037037,0.2316602317,0.3936170213,0.266294602,0.6654642102,0.2027158966,0.8055555555,0.2816618806,0.2727557781,9.07634,7.807510042,1.268829958
1815,0.1333333333,0.53125,0.4923076923,0.6727272727,1,0.6090686275,0.720966233,0.7407407407,0.1634491634,0.3617021277,0.2,0.2345045004,0.05548679868,0.4328358209,0.3473856931,0.3637862788,10.593392,10.74753012,0.1541381202
1092,0.1933333333,0.4513137794,0.3538461538,0.7636363636,0,0.4756652661,0.7643974918,0.6444444444,0.3822393822,0.1914893617,0.32,0.04812216705,0.1908278328,0.7435897436,0.4154531072,0.613053117,11.225999,10.1992494,1.026749604
934,0.54,0.7708333333,0.3692307692,0.8545454545,1,0.1612394958,0.4325587919,0.5481481481,0.01608751609,0.8191489362,0,0.4883917638,0.03369086909,0.7435897436,0.3181099242,0.2194278759,7.637301,6.825460036,0.8118409637
993,0.3866666667,0.3229166667,0.8923076923,0.8,1,0.8277310924,0.5576940272,0.6814814815,0.4697554698,0.5106382979,0.24,0,0.0426980198,0.725,0.3899943326,1,8.217477,7.055312843,1.162164157
717,0.4666666667,0.8645833333,0.4820512821,0.5818181818,0,0.6090686275,0.720966233,0.7407407407,0.009009009009,0.1808510638,0,0.3046875685,0.06276127613,0.8787878788,0.439909333,0.4145342167,11.01488,10.62973096,0.3851490394
386,0.2866666667,0.3854166667,0.6153846154,0.6545454545,1,0.3037464986,0.4993045608,0.5925925926,0.007078507079,0.1914893617,0.2,0.3295309397,0.06305005501,0.725,0.3512500274,0.2608347511,8.313417,9.4400225,1.1266055
16,0.6333333333,0.46875,0.9230769231,0.6,1,0.3858543417,0.402209824,0.6518518519,0.1383526384,0.5,0,0.6985550319,0.04279427943,0.6041666666,0.2920278959,0.243362558,7.2909565,8.340933226,1.049976726
407,0.6,0.2604166667,0.9384615385,0.8181818182,1,0.1612394958,0.4325587919,0.5481481481,0.1074646075,0.2021276596,0,0,0.1073432343,0.6744186046,0.7619533616,0.8224154567,8.097992,8.619208117,0.5212161168
1626,0.1666666667,0.6041666667,0.6512820513,0.8909090909,1,0.2246148459,0.4443090045,0.6296296296,0.2329472329,0.6595744681,0.8,0.2489760279,0.1788022552,0.5272727272,0.3811162992,0.3418494359,7.9676104,8.595264727,0.6276543268
444,0.46,0.5625,0.5230769231,0.9272727273,1,0.1069677871,0.5808557654,0.5185185185,0.1801801802,0.5212765957,0,0.1559182498,0.05495049505,0.725,0.500829409,0.5489453325,9.841828,10.68366069,0.8418326933
409,0.52,0.40625,0.9538461538,0.8727272727,1,0.8277310924,0.5576940272,0.6814814815,0.222007722,0.2978723404,0.266294602,0,0.0767120462,0,0.3426860201,0.9144956008,6.945743,10.22542611,3.279683114
249,0.48,0.1354166667,0.6820512821,1,1,0.4178921569,0.7758455549,0.6296296296,0.01415701416,0.4255319149,0,0.1616421746,0.1076938944,0.6041666666,0.2371792367,0.3112737433,10.099225,10.32934335,0.2301183503
2082,0.3666666667,0.5208333333,0.3025641026,0.9090909091,1,0.118872549,0.6008432402,0.5407407407,0.185971686,1,0,0.1443626433,0.07482810781,0.6744186046,0.3123020383,0.3377621577,9.415499,8.848509301,0.5669896991
1939,0.5533333333,0.08333333333,0.6923076923,0.8909090909,1,0.3114495798,0.5737272012,0.5925925926,0.1364221364,0.170212766,0.12,0.173192851,0.02574257426,0.5918367347,0.1184751387,0.1253058261,9.840814,8.995660899,0.8451531009
279,0.18,0.375,0.7743589744,0.9636363636,0,0.4847689076,0.8692520364,0.9111111111,0.3268983269,0.3085106383,0.266294602,0.7184537187,0.05455858086,0.7435897436,0.4570392611,0.7751643521,13.55966,15.65691839,2.097258394
414,0.2066666667,0.7083333333,0.8358974359,0.9454545455,1,0.1069677871,0.5808557654,0.5185185185,0.03667953668,0.414893617,0,0.7618000349,0.1086564906,0.8787878788,0.4918383168,0.5936616377,9.315836,9.767438708,0.4516027081
1260,0.32,0.2291666667,0.5230769231,1,1,0.2631302521,0.6856686755,0.5777777778,0.0546975547,0.2872340426,0,0.2602306711,0.1929730473,0.6170212766,0.2418819919,0.2533637709,10.670145,10.13265294,0.5374920638
77,0.4333333333,0.59375,0.5435897436,1,1,0.4035364146,0.7600011704,0.8518518519,0.406048906,0.5957446809,0.52,0.5119320515,0,0.5918367347,0.4127574987,0.620578342,11.879605,13.51504985,1.635444852
1222,0.2666666667,0.6875,0.7282051282,0.8363636364,1,0.06179971989,0.6539330366,0,0.2136422136,0.4574468085,0,1,0.03040429043,0.7631578947,0.1801587665,0.2699702838,12.585651,10.81091916,1.774731842
2057,0.04666666667,0.1666666667,0.8923076923,0.4909090909,1,0.5411414566,0.7791728552,0.6222222222,0.4279279279,0.2978723404,0.36,0,0.220489549,0.568627451,0.2364440177,0.3585086676,11.160654,11.83891437,0.6782603716
2167,0.3,0.625,0.5538461538,0.5818181818,1,0.1295518207,0.5744665043,0.7185185185,0.07464607465,0.4255319149,0,0.2685628404,0.02132838284,0.7631578947,0.390421984,0.3536247245,9.394099,9.566054855,0.1719558548
2147,0.2266666667,0.1770833333,0.9076923077,0.7636363636,1,0.8277310924,0.5576940272,0.6814814815,0.2528957529,0.4361702128,0.266294602,0,0.03867574257,0.8285714286,0.463401865,0.02160104723,7.8714743,8.181440696,0.3099663957
706,0.2333333333,0.5208333333,0.6871794872,0.6363636364,1,0.1006652661,0.3734146083,0.562962963,0.1943371943,0.1595744681,0.12,0.04468861874,0.03969678218,0.6904761905,0.2445062378,0.3609437722,7.846827,7.160845907,0.6859810933
1234,0.76,0.4479166667,0.5897435897,0.5272727273,1,0.118522409,0.5990500377,0.5703703704,0.3854568855,0.3404255319,0.16,0.4458240308,0.02676017602,0.5178571428,0.2643813704,0.323395728,9.644231,9.83161554,0.1873845403
231,0.1866666667,0.4791666667,0.6153846154,0.9636363636,0,0.3487394958,0.7240664707,0.7333333333,0.3738738739,0.3936170213,0,0.4894116,0.07624002048,0.7073170731,0.2181223665,0.1831521596,11.991895,10.66522752,1.326667475
908,0.05333333333,0.9270833333,0.6205128205,0.9090909091,0,0.4030112045,0.4746051733,0.6222222222,0.0546975547,0.7553191489,0,0.6670116505,0.04084158416,0.6170212766,0.1579615563,0.162149751,7.6910024,6.622736324,1.068266076
655,0.1733333333,0.2708333333,0.6512820513,0.9818181818,1,0.2102591036,0.5335307169,0.762962963,0.2722007722,0.2872340426,0,0.3303518423,0,0.6744186046,0.8627517604,0.4941228852,9.705934,8.485908901,1.220025099
1883,0.38,0.40625,0.5897435897,1,1,0.1390056022,0.6071658228,0.5037037037,0.2329472329,0.9893617021,0,0.170662559,0.001485148515,0.6170212766,0.3376437592,0.6279153606,11.420202,10.42560914,0.994592864
1457,0.2733333333,0.4166666667,0.4923076923,1,1,0.3538165266,0.6658237201,0.6888888889,0,0.2127659574,0.266294602,0.4907849728,0.05169829483,0.58,0.2771378882,0.4042182302,8.844099,6.926577033,1.917521967
2032,0.2133333333,0.6875,0.5128205128,1,0,0.237570028,0.6892542851,0.7777777778,0.1492921493,0.7553191489,0.4,0.4661994397,0,0.6904761905,0.3016143752,1,12.551357,11.42029469,1.131062308
1074,0.64,0.15625,0.7487179487,1,1,0.5719537815,0.7250761698,0.6740740741,0.05855855856,0.4574468085,0.4,0.1164888258,0.1548886139,0.7073170731,0.228625706,0.3972857198,8.929907,9.404261065,0.4743540646
950,0.2866666667,0.5520833333,0.6564102564,0.4363636364,0,1,0.8755652921,0.6148148148,0.3423423423,0.06382978723,0,0.006790914702,0.02179592959,0.725,0.3557026606,0.2941763178,12.048636,12.97965861,0.9310226092
1423,0.7466666667,0.04166666667,0.7384615385,0.7818181818,1,0.5952380952,0.6314623108,0.5111111111,0.09073359073,0.1489361702,0,0.1562233319,0.1173267327,0.5471698113,0.3726779089,0.7099244106,9.681459,8.612866941,1.068592059
1999,0.4,0.3333333333,0.6512820513,0.7818181818,1,0.6097689076,0.7793540817,0.7037037037,0.2001287001,0.5531914894,0.04,0.1725992778,0.01353479098,0.7073170731,0.3092077668,0.356111699,8.224008,7.803843304,0.4201646965
810,0.6333333333,0.28125,0.4871794872,1,0,0.3947829132,0.4512563641,0.637037037,0.03861003861,0.2872340426,0.36,0.6408751326,0,0.7837837838,0.1710624096,0.1139410757,6.754784,6.109247583,0.6455364172
2161,0.36,0.5729166667,0.5538461538,0.4727272727,1,0.1295518207,0.5744665043,0.7185185185,0.06113256113,0.2234042553,0,0.455461339,0.02475247525,0.7631578947,0.4098435977,0.3036098132,9.774851,10.13844109,0.3635900906
598,0.2466666667,0.7604166667,0.5948717949,0.7818181818,0,0.1132703081,0.5277900464,0.5851851852,0.1016731017,0.5106382979,0.84,0.4982149779,0.1498762376,0.6444444444,0.4509293911,0.3598559166,9.4561405,9.584108393,0.1279678933
1757,0.18,0.6354166667,0.5179487179,1,1,0.2848389356,0.5689608813,0.8,0.09781209781,0.2340425532,0,0.2751598737,0.07504125413,0.4677419355,0.3644609361,0.4774054117,9.493981,7.77148876,1.72249224
42,0.6133333333,0.75,0.8512820513,0.5818181818,0,0.8277310924,0.5576940272,0.6814814815,0.2818532819,0.4787234043,0.266294602,0,0.1106710671,0,0.3593488813,1,7.3159275,7.236339343,0.07958815725
1466,0.1466666667,0.5208333333,0.6923076923,0.9090909091,1,0.4866946779,0.6531811402,0.5259259259,0.1737451737,0.1489361702,0,0.3067485984,0.07692519252,0.6744186046,0.2036873332,0.2456077595,10.546462,12.11312368,1.566661676
513,0.5266666667,0.1770833333,0.8153846154,0.6181818182,1,0.2594537815,0.5352687104,0.6592592593,0.009652509653,0.5744680851,0,0,0.2163572607,0.7631578947,0.3463807818,0.4136542309,8.334807,6.843749949,1.491057051
1771,0.3533333333,0.6875,0.5076923077,0.8727272727,1,0.6090686275,0.720966233,0.7407407407,0.1158301158,0.2340425532,0,0.7230271731,0,0.5471698113,0.4129581703,0.2812686405,11.576185,10.46041401,1.115770987
96,0.7533333333,0.28125,0.6820512821,0.7272727273,1,0.6020658263,0.7512420102,0.6740740741,0.1512226512,0.1808510638,0.52,0.2533989205,0.03978960396,0.6717804715,0.4867750899,0.4937814018,9.558963,8.878497404,0.6804655963
401,0.5066666667,0.4895833333,0.5230769231,0.9818181818,1,0.5717787115,0.5603248675,0.6814814815,0.05534105534,0.2659574468,0,0.2817789949,0.09396314631,0.7073170731,0.1997322495,0.2831395593,8.7897835,8.127995056,0.6617884442
2153,0.3733333333,0.5104166667,0.9179487179,0.7090909091,1,0.8277310924,0.5576940272,0.6814814815,0.4594594595,0.1276595745,0.266294602,0,0.09722909791,0.6589315605,0.4418951706,0.6905343283,8.151183,10.25358089,2.102397885
1796,0.1333333333,0.625,0.6564102564,0.7090909091,1,0.2848389356,0.5689608813,0.8,0.07786357786,0.329787234,0,0.1479884843,0.03861386139,0.9354838709,0.3056929574,0.292044253,9.049807,10.26053243,1.210725428
2159,0.1266666667,0.2604166667,0.958974359,0.9454545455,1,0.8277310924,0.5576940272,0.6814814815,0.4665379665,0.5,0.92,0,0.04034653465,0,0.4594328941,0.6253171683,8.307997,7.593374193,0.7146228069
828,0.1933333333,0.34375,0.7230769231,1,1,0.6442577031,0.5528926879,0.8074074074,0.005791505792,0.6382978723,0.72,0,0.06132425743,0.6170212766,0.3522692146,0.2828973154,8.717433,9.154721948,0.4372889482
694,0.04,0.9166666667,0.6307692308,0.4,1,0.3594187675,0.3429032927,0.5111111111,0.01608751609,0.2659574468,0,0,0,0.5178571428,0.5075016398,0.369493553,5.266612,4.990432587,0.2761794132
308,0.18,0.3125,0.6564102564,0.6909090909,1,0.3242296919,0.7635355549,0.6740740741,0.07271557272,0.3510638298,0,0.620509869,0.06003850385,0.7073170731,0.1989164076,0.2778592235,12.44693,11.76338064,0.6835493647
1607,0.03333333333,0.8854166667,0.5897435897,0.6181818182,1,0.237570028,0.6892542851,0.7777777778,0.1428571429,0.3510638298,0,0.7200589313,0,0.6041666666,0.3561196507,0.32025301,11.663535,10.49581943,1.167715572
2054,0.58,0.9270833333,0.5230769231,0.6727272727,1,0.118872549,0.6008432402,0.5407407407,0.06756756757,0.3723404255,0,0.1260338995,0.07940731573,0.6170212766,0.4010447791,0.4618857408,9.763989,10.46435969,0.7003706938
1290,0.48,0.7083333333,0.6307692308,0.2727272727,1,0.6850490196,0.6561510773,0.4666666667,0.6319176319,0.3617021277,0.32,0.3018424284,0.01200151265,0.5576923077,0.3242360806,0.3754206783,11.730201,10.88687603,0.8433249721
794,0.5333333333,0.1458333333,0.8461538462,1,1,0.6442577031,0.5528926879,0.8074074074,0.07593307593,0.5425531915,0.8,0,0.04933649615,0.6304347826,0.4806239004,0.2972706463,8.461664,9.276970454,0.8153064543
1113,0.54,0.4583333333,0.6205128205,0.1818181818,1,0.6850490196,0.6561510773,0.4666666667,0.7175032175,0.2765957447,0.36,0.1465083127,0,0.3295454545,0.5969772358,0.5508870244,11.100846,11.09052272,0.01032327845
1414,0.4133333333,0.5104166667,0.5128205128,1,1,0.5870098039,0.8550860872,0.7925925926,0.01930501931,0.1489361702,0.4,0.403330053,0.004139163916,0.9666666666,0.4652086661,0.6976941038,11.340781,10.55765999,0.7831210103
356,0.1,0.3125,0.9230769231,0.8545454545,0,0.5696778711,0.4563057862,0.4592592593,0.1370656371,0.4468085106,0.32,1,0.009041529153,0.6904761905,0,0,5.080354,4.682131227,0.3982227729
1189,0.4466666667,0.3125,0.7076923077,1,1,0.3730742297,0.6983112864,0.9925925926,0.02123552124,0.1914893617,0,0.3875569583,0.01691419142,0.8285714286,0.1977886058,0.141385086,9.953615,7.479299638,2.474315362
1221,0.1,0.6875,0.6512820513,0.7818181818,1,0.2785364146,0.429193101,0.5703703704,0.01737451737,0.3404255319,0.84,0.2987856757,0.04108223322,0.8055555555,0.1550919269,0.1008988021,8.02849,7.10824414,0.9202458603
599,0.7933333333,0.1979166667,0.3025641026,0.7818181818,1,0.7230392157,0.498438439,0.6740740741,0.0250965251,0.08510638298,0,0,0,0,0.4899112909,0.9443095141,7.0207343,6.530877628,0.4898566723
2038,0.5066666667,0.1875,0.5692307692,0.4727272727,1,0.3079481793,0.7048585489,0.7407407407,0.08172458172,0.414893617,0,0.3214795583,0.04301430143,0.6444444444,0.397863532,0.4450258583,12.479431,13.50601768,1.026586683
1328,0.26,0.6354166667,0.5641025641,1,1,0.1390056022,0.6071658228,0.5037037037,0.1357786358,1,0,0.5416304518,0.06720984598,0.6170212766,0.2957490087,0.4759872976,10.863995,10.4844454,0.3795496015
819,0.08666666667,0.5729166667,0.7897435897,0.4,1,0.3293067227,0.4519956208,0.5851851852,0.2438867439,0.1170212766,0.52,0.3632378909,0.07783278328,0.3258426966,0.3203876921,0.1840198703,6.574314,6.343880434,0.2304335659
203,0.1666666667,0.3854166667,0.5538461538,1,1,0.3489145658,0.7886262442,0.6962962963,0.01158301158,0.2446808511,0,0.469804146,0,0.6904761905,0.1796932394,0.2507077681,11.157119,9.471319062,1.685799938
1634,0.18,0.53125,0.5897435897,0.7090909091,1,0.5241596639,0.6624894609,0.6814814815,0.05791505792,0.1276595745,0,0.4160307713,0.02087458746,0.4603174603,0.1694513731,0.1491850015,9.459151,8.062747901,1.396403099
1341,0.48,0.1770833333,0.5435897436,0.9636363636,0,0.2442226891,0.5762881406,0.7407407407,0.2831402831,0.3617021277,0.64,0.1640777381,0.07392739274,0.8787878788,0.43643026,0.6046650026,9.858242,12.02357907,2.165337074
1828,0.3733333333,0.34375,0.5179487179,0.4545454545,1,0.118872549,0.6008432402,0.5407407407,0.03153153153,0.2978723404,0,0.2001532062,0.1058924642,0.6170212766,0.4928497875,0.6548098616,10.390389,10.26670604,0.1236829593
1698,0.3866666667,0.5416666667,0.4512820513,0.6909090909,1,0.6090686275,0.720966233,0.7407407407,0.1274131274,0.2021276596,0,0.3682846845,0.05038160066,0.6304347826,0.3132206143,0.2745098995,11.346723,11.97728193,0.630558929
1078,0.44,0.6354166667,0.5948717949,0.7454545455,1,0.09086134454,0.6813843201,0.7407407407,0.2876447876,0.2446808511,0,0.4035912585,0.07598666117,0.9666666666,0.3506758602,0.4354235494,10.249449,10.60581744,0.3563684427
1364,0.03333333333,0.8125,0.5128205128,0.4727272727,1,0.5241596639,0.6624894609,0.6814814815,0.1254826255,0.1914893617,0.08,0.4364383288,0.04163572607,0.6744186046,0.1333948806,0.09054365239,9.350721,7.250635512,2.100085488
164,0.9133333333,0.4166666667,0.5076923077,0.5272727273,0,0.4719887955,0.6379750463,0.362962963,0.2972972973,0.2127659574,0,0.3025943391,0.04201045105,0.725,0.5737883738,0.487777159,7.685343,8.090402297,0.4050592966
918,0.14,0.6458333333,0.441025641,1,0,0.09086134454,0.6813843201,0.7407407407,0.01737451737,0.5425531915,0,0.1849533542,0.03465346535,0.6590909091,0.3272083765,0.3781823418,10.612445,13.45908701,2.846642011
1671,0.4933333333,0.5,0.5025641026,0.5636363636,1,0.5742296919,0.6813843201,0.3925925926,0.1158301158,0.3936170213,0,0.3600127863,0.02006325633,0.6444444444,0.289991959,0.4012405902,10.264916,9.568084744,0.6968312561
1101,0.1933333333,0.4479166667,0.6820512821,0.6,1,0.2631302521,0.6856686755,0.5777777778,0.07979407979,0.329787234,0,0.6673442477,0,0.4393939394,0.3543479476,0.2803256878,10.272631,10.46718073,0.1945497309
913,0.06,0.7708333333,0.6102564103,0.8909090909,1,0,0.7077554523,0.762962963,0.0148005148,0.2021276596,0,0.6666276391,0.1021658416,0.6304347826,0.3085740764,0.487306495,11.556021,12.64625797,1.09023697
1041,0.4666666667,0.7395833333,0.4923076923,0.2909090909,1,0.4035364146,0.7600011704,0.8518518519,0.2329472329,0.4468085106,0,0.322374038,0,0.725,0.3300957379,0.4391982148,11.225079,10.93010246,0.2949765393
442,0.7333333333,0.4791666667,0.4512820513,0.2727272727,1,0.1046918768,0.3446572821,0.6962962963,0.1441441441,0.1808510638,0,0.09385479709,0.1548061056,0.6170212766,0.5196265153,0.7147876884,8.742888,8.810161268,0.0672732683
1643,0.3333333333,0.3541666667,0.6102564103,0.9636363636,1,0.1390056022,0.6071658228,0.5037037037,0.1956241956,0.6595744681,0,0.1498976687,0.02310231023,0.90625,0.3647579317,0.7189680482,10.589218,12.54809374,1.958875744
53,0.36,0.625,0.4871794872,1,1,0.718487395,0.6377954789,0.4666666667,0.005148005148,0.414893617,0,0.5002212797,0.04843234323,0.58,0.2730326173,0.3944318201,8.999025,8.500657223,0.4983677772
1816,0.22,0.4166666667,0.4358974359,1,1,0.09086134454,0.6813843201,0.7407407407,0.1447876448,0.2446808511,0,0.2460632053,0,0.8787878788,0.28364423,0.286126887,11.209103,10.53134927,0.6777537336
1147,0.1266666667,0.53125,0.7076923077,0.9090909091,1,0.2631302521,0.6856686755,0.5777777778,0.1763191763,0.4468085106,0.12,0.6569117281,0.1553630363,0.6590909091,0.2327781635,0.227912647,10.390356,10.08992562,0.3004303752
35,0.3066666667,0.07291666667,0.8820512821,0.9818181818,1,0.7142857143,0.6590244145,0.4592592593,0.5495495495,0.1595744681,0.4,0.2184068259,0.1052530253,0.4202898551,0.09073674731,0.09154021276,10.068441,8.59822003,1.47022097
1961,0.2933333333,0.2291666667,0.7025641026,1,1,0.1390056022,0.6071658228,0.5037037037,0.1492921493,0.9680851064,0,0.1868654633,0.02974422442,0.8285714286,0.2813058379,0.5341679493,11.091436,10.59825841,0.4931775858
1604,0.52,0.25,0.5538461538,0.4909090909,1,0.118872549,0.6008432402,0.5407407407,0.04761904762,0.3085106383,0,0.1807774084,0.08378025303,0.5576923077,0.4641751073,0.6083016464,10.438775,10.22186855,0.2169064463
1206,0.6533333333,0.4270833333,0.6,0.4909090909,1,0.118872549,0.6008432402,0.5407407407,0.007722007722,0.3617021277,0,0.1393512158,0.06849559956,0.6304347826,0.4785037909,0.6635824713,10.019628,11.10662501,1.086997008
1034,0.1266666667,0.2708333333,0.9435897436,0.8363636364,0,0.5696778711,0.4563057862,0.4592592593,0.1235521236,0.5531914894,0.36,1,0.006762238724,0,0.7394803463,0.3271633749,4.6176867,5.231108617,0.6134219169
241,0.3066666667,0.4583333333,0.4205128205,0.4363636364,1,0.4847689076,0.8692520364,0.9111111111,0.3120978121,0.3829787234,0.266294602,0.3519042618,0.09309680968,0.6744186046,0.2884808519,1,12.73473,14.32453236,1.589802356
1552,0.3866666667,0.2708333333,0.6256410256,0.7272727273,1,0.4254201681,0.4911856694,0.5481481481,0.05212355212,0.4042553191,0.68,0.3344960429,0.1562224972,0.5471698113,0.3821318062,0.4288890006,6.69028,7.091742115,0.4014621151
1652,0.1066666667,0.46875,0.6717948718,0.9818181818,1,0.5952380952,0.6314623108,0.5111111111,0.2895752896,0.6382978723,0,1,0.07422938663,0.6304347826,0.3030152531,0.4723752255,10.717649,12.63834845,1.920699447
1424,0.14,0.1666666667,0.8205128205,0.8727272727,1,0.2785364146,0.429193101,0.5703703704,0.05083655084,0.2659574468,0,0.239143654,0.04057343234,0.8529411764,0.1691870482,0.103186975,7.775168,7.404887576,0.3702804244
1316,0.2066666667,0.7395833333,0.5743589744,0.6909090909,1,0.6850490196,0.6561510773,0.4666666667,0.379021879,0.2446808511,0.64,0.3086177998,0,0.58,0.436374732,0.1264451294,11.394733,9.202711345,2.192021655
1430,0.8666666667,0.53125,0.6923076923,0.9636363636,1,0.2753851541,0.6677654995,0.7851851852,0.01351351351,0.3085106383,0.6,0.5753900409,0.0636069857,0.8285714286,0.2654800976,0.423508412,9.52296,8.548498041,0.9744619588
567,0.4266666667,0.65625,0.641025641,0.7272727273,0,0.1132703081,0.5277900464,0.5851851852,0.2368082368,0.329787234,0.48,0.3386983887,0.06446644664,0.8285714286,0.1982730848,0.09375018706,9.565107,9.484937205,0.08016979512
2143,0.7733333333,0.375,0.5948717949,0.5454545455,1,0.4297969188,0.6072928491,0.7925925926,0.05019305019,0.3085106383,0.6,0.4107005316,0.1446025853,0.6170212766,0.3213000552,0.5172935186,8.051203,8.065579427,0.01437642728
1472,0.1133333333,0.7916666667,0.6051282051,0.8363636364,1,0.09086134454,0.6813843201,0.7407407407,0.2290862291,0.8617021277,0,0.2559260246,0.1386757426,0.6744186046,0.1230393578,0.0551317768,10.93456,10.18847851,0.7460814928
1879,0.1866666667,0.4375,0.5487179487,0.9636363636,1,0.09086134454,0.6813843201,0.7407407407,0.03410553411,0.2340425532,0,0.1917236089,0,0.6444444444,0.3856131278,0.3001953993,10.982601,13.65773565,2.675134652
537,0.3133333333,0.46875,0.5897435897,0.2909090909,1,0.1419817927,0.5891826394,0.6740740741,0.416988417,0.1489361702,0,0.2539802053,0.04111661166,0.8787878788,0.308559888,0.3753644706,9.260805,8.493515064,0.7672899359
846,0.7933333333,0.09375,0.8871794872,0.6909090909,1,0.5003501401,0.589803707,0.7407407407,0.1898326898,0.2872340426,0.72,0,0.09485011001,0.537037037,0.322043677,0.3323924127,8.3506565,7.539027056,0.8116294442
2155,0.3666666667,0.6041666667,0.5846153846,0.5090909091,1,0.1295518207,0.5744665043,0.7185185185,0.1222651223,0.2978723404,0,0.4643080236,0.03795379538,0.4677419355,0.3281684916,0.2041315488,9.72782,10.29041523,0.5625952326
61,0.22,0.2395833333,0.5538461538,0.6181818182,1,0.5411414566,0.7791728552,0.6222222222,0.3262548263,0.4361702128,0.64,0.1281601033,0.07504125413,0.6904761905,0.2459663936,0.491920695,11.686642,12.33650863,0.6498666273
550,0.74,0.7708333333,0.2717948718,0.8909090909,1,0.2783613445,0.5576940272,0.8518518519,0.4221364221,0.3191489362,0.28,0.1125909898,0.1183237074,0.5918367347,0.2545462283,0.2241861954,9.111435,10.8404041,1.728969102
67,0.3466666667,0.2395833333,0.5948717949,0.3818181818,0,0.1143207283,0.523635635,0.5185185185,0.1106821107,0.3404255319,0,0.2986587158,0.1071335259,0.6444444444,0.3681775549,0.4880628704,11.350937,8.739536423,2.611400577
624,0.5,0.40625,0.3128205128,0.8181818182,1,0.5717787115,0.5603248675,0.6814814815,0.1126126126,0.2659574468,0.36,0.5426000984,0.1301567657,0.1208333333,0.2292096075,0.05935947929,7.6072755,6.949856455,0.657419045
396,0.06,0.4536310094,0.3794871795,0.7818181818,0,0.718487395,0.6377954789,0.4666666667,0.1615186615,0.3829787234,0,0,0.0232879538,0.6590909091,0.2271600032,0.2431784513,8.745384,8.201934351,0.5434496488
1986,0.26,0.6041666667,0.4615384615,0.9272727273,1,0.237570028,0.6892542851,0.7777777778,0.1576576577,0.585106383,0.44,0.1490022696,0.09049779978,0.6444444444,0.2536113802,0.3383749217,11.322084,9.791158368,1.530925632
1197,0.2333333333,0.40625,0.5025641026,0.8545454545,1,0.718487395,0.6377954789,0.4666666667,0.1737451737,0.2446808511,0,0.6556795446,0.02416116612,0.8529411764,0.2516091255,0.2769724702,8.7426405,8.830543011,0.08790251062
51,0.28,0.3958333333,0.6153846154,0.8,0,0.5411414566,0.5789520492,0.5851851852,0.157014157,0.3723404255,0.52,0.2472057126,0,0.5576923077,0.4969750795,0.8540805757,7.1592565,5.81711116,1.34214534
2073,0.2133333333,0.08333333333,0.8923076923,0.6545454545,1,0.4254201681,0.4911856694,0.5481481481,0.1705276705,0.6489361702,0.92,0,0.2205514301,0.8055555555,0.4738760724,0.557228872,7.169848,7.309212366,0.1393643657
1,0.44,0.4270833333,0.5948717949,0.9818181818,1,0.1069677871,0.5808557654,0.5185185185,0.1344916345,0.6063829787,0,0.1535011001,0.05160891089,0.6170212766,0.520036766,0.5521295775,10.550142,10.624031,0.07388900458
792,0.4866666667,0.4583333333,0.558974359,0.7454545455,1,0.4847689076,0.8692520364,0.9111111111,0.2522522523,0.1063829787,0.266294602,0.7115321641,0,0.7073170731,0.4216514426,0.6589457154,13.96367,12.60777067,1.355899333
1095,0.24,0.3229166667,0.7025641026,0.9272727273,1,0.7107843137,0.4705226282,0.7259259259,0.07722007722,0.329787234,0.48,0.2592651683,0.03952832783,0.6744186046,0.1929749964,0.1487926848,7.223646,9.33273498,2.10908898
2182,0.1933333333,0.4270833333,0.8051282051,0.9818181818,1,0.4494047619,0.5716616281,0.5851851852,0.03024453024,0.3510638298,0.36,0.1932606424,0.09948088559,0.5471698113,0.3331191598,0.6936277396,8.14216,7.111512116,1.030647884
472,0.24,0.4529254647,0.4974358974,1,0,0.1390056022,0.6071658228,0.5037037037,0.08622908623,0.5,0,0.4021581468,0.08222634763,0.5272727272,0.2642157728,0.5270186064,11.372002,14.19886093,2.826858928
584,0.42,0.2083333333,0.4307692308,0.6545454545,1,0.4782913165,0.6288161109,0.7555555556,0.01351351351,0.4361702128,0,0.4950767939,0,0.5918367347,0.3625406177,0.398126398,7.971427,8.362642432,0.3912154316
496,0.96,0.2708333333,0.8051282051,0.8727272727,1,0.2391456583,0.6175857063,0.6962962963,0.1473616474,0.5319148936,0.32,0.4015358812,0.07313668867,0.8529411764,0.1885816362,0.2141401448,9.709379,8.866017399,0.8433616012
1955,0.2133333333,0.6458333333,0.5692307692,0.7272727273,1,0.1390056022,0.6071658228,0.5037037037,0.07722007722,0.7978723404,0,0.3210028114,0.01885313531,0.7837837838,0.3080902463,0.4922781294,10.547413,10.41009429,0.1373187107
54,0.4866666667,0.1666666667,0.5333333333,1,1,0.4782913165,0.6288161109,0.7555555556,0.1158301158,0.5106382979,0,0.2707619518,0.1177736524,0.8055555555,0.421492702,0.5206902849,8.597503,8.581669211,0.0158337894
1970,0.5466666667,0.21875,0.6820512821,0.6727272727,1,0.3079481793,0.7048585489,0.7407407407,0.1737451737,0.1595744681,0,0.2729410556,0.1019733223,0.8055555555,0.2142347952,0.239218234,11.259676,11.78153939,0.5218633903
1480,0.66,0.40625,0.841025641,0.9636363636,1,0.6216736695,0.5887139567,0.362962963,0.07271557272,0.414893617,0,0.08472991848,0.07338650069,0.5471698113,0.1945494024,0.2730300747,8.9424,7.426549072,1.515850928
823,0.26,0.5520833333,0.5333333333,0.4909090909,0,0.6090686275,0.720966233,0.7407407407,0.1673101673,0.1914893617,0,0.4556923914,0,0.6444444444,0.3111704802,0.2387543733,12.976895,12.81427994,0.1626150616
1941,0.86,0.2604166667,0.6102564103,0.4909090909,1,0.118522409,0.5990500377,0.5703703704,0.08365508366,0.2340425532,0.28,0.4514048727,0.04957370737,0.6590909091,0.3464222947,0.5408135246,9.764619,9.632138041,0.1324809586
1408,0.54,0.46875,0.5230769231,0.9454545455,0,0.4297969188,0.6072928491,0.7925925926,0.2438867439,0.4361702128,0,0.4256209705,0.1322263476,0.6444444444,0.525893137,0.4842832298,8.805153,9.470394277,0.6652412773
2061,0.2266666667,0.34375,0.5948717949,1,1,0.7699579832,0.5440012773,0.6222222222,0.03281853282,0.2021276596,0,0.2211448647,0,0.90625,0.3798603824,0.2089747374,8.518729,9.106534203,0.5878052033
1532,0.08,0.4583333333,0.6512820513,0.8,1,0.7401960784,0.8645479909,0.5481481481,0.3577863578,0.2021276596,0,0.08919408743,0.07306812746,0.5471698113,0.2900804008,0.4521229856,11.795118,10.89905147,0.8960665347
271,0.1266666667,0.3020833333,0.7846153846,0.6,1,0.7230392157,0.498438439,0.6740740741,0.09395109395,0.329787234,0,0.5246481354,0,0.6700029115,0.3367988273,0.5677303691,7.3461614,6.196444128,1.149717272
838,0.7733333333,0.6145833333,0.5025641026,0.4909090909,1,0.3678221289,0.7574865736,0.6740740741,0.1853281853,0.1382978723,0.266294602,0.8215142902,0.08365649065,0.4603174603,0.3069821225,0.3711624813,11.023297,13.04613655,2.022839547
903,0.22,0.375,0.6666666667,0.6727272727,1,0.8147759104,0.7930763593,0.7185185185,0.02638352638,0.2765957447,0.28,0.4503543969,0.02090209021,0.7435897436,0.3175988797,0.4922830504,9.168781,10.38982579,1.221044793
398,0.34,0.15625,0.7435897436,0.8727272727,0,0.2594537815,0.5352687104,0.6592592593,0.1151866152,0.5957446809,0.68,0.2320936012,0.06411578658,0.6170212766,0.4287485819,0.5828213131,8.245683,8.310169022,0.06448602198
1396,0.5,0.2916666667,0.6461538462,0.7454545455,1,0.5952380952,0.6314623108,0.5111111111,0.07850707851,0.1808510638,0,0.2391967887,0.07367761103,0.8787878788,0.4849874436,0.982187392,8.964365,9.091894617,0.1275296168
1193,0.08,0.4479166667,0.641025641,0.6,1,0.2246148459,0.5630892255,0.7481481481,0.1151866152,0.3191489362,0,0.3339903094,0.0703520352,0.6641537012,0.4016236182,0.248441541,8.8870945,9.906483062,1.019388562
1736,0.6,0.21875,0.8051282051,1,1,0.4178921569,0.7758455549,0.6296296296,0.2387387387,0.3404255319,0.36,0.1659013653,0.07612073707,0.5918367347,0.2148590359,0.2678295613,11.183029,9.70344999,1.47957901
559,0.6933333333,0.3020833333,0.4769230769,1,1,0.2598039216,0.7679697104,0.7037037037,0.09137709138,0.1382978723,0,0.3024503332,0.1469746975,0.8285714286,0.2860227438,0.3781749426,11.497619,11.05462904,0.4429899618
1468,0.1866666667,0.4270833333,0.2461538462,0.3272727273,1,0.3293067227,0.724740884,0.4148148148,0.08622908623,0.3936170213,0,0.1040003277,0.1530046755,0.7435897436,0.5203584672,1,10.087671,10.07546412,0.01220688272
385,0.4533333333,0.6458333333,0.6,0.8909090909,0,0.6129201681,0.8134699914,0.8740740741,0.2876447876,0.3617021277,0.266294602,0.08195332228,0.139260176,0.5576923077,0.3479651718,0.5298890878,10.494836,11.05320478,0.5583687845
1240,0.2866666667,0.1666666667,0.6615384615,0.7818181818,1,0.3114495798,0.5737272012,0.5925925926,0.212998713,0.2659574468,0.48,0.07812550656,0.05180830583,0.6304347826,0.1339058997,0.07436941397,10.225515,8.749890956,1.475624044
552,0.28,0.4270833333,0.5692307692,0.9636363636,1,0.4868697479,0.6358876516,0.7259259259,0.0546975547,0.1914893617,0.28,0.310592365,0.04957370737,0.6744186046,0.3537125732,0.5948446892,7.930672,8.13710339,0.2064313896
296,0.4933333333,0.4479166667,0.6461538462,0.8727272727,1,0.4964985994,0.7702064842,0.6592592593,0.3268983269,0.2127659574,0,0.4033352138,0.01186056106,0.6688561759,0.3491528985,0.5558953306,11.590729,12.22250686,0.631777861
493,0.2333333333,0.59375,0.7333333333,1,1,0.2387955182,0.6056270884,0.4814814815,0.003217503218,0.2340425532,0,0.7741163846,0.07731642761,0.6444444444,0.2144463424,0.2743320912,9.216693,6.987490247,2.229202753
1975,0.06666666667,0.6770833333,0.6153846154,1,1,0.3114495798,0.5737272012,0.5925925926,0.1673101673,0.1489361702,0.28,0.3809890379,0.01787678768,0.6444444444,0.1360308745,0.08341712683,10.00134,9.079548082,0.9217919183
930,0.86,0.625,0.4717948718,0.9818181818,1,0.1081932773,0.4418662708,0.6888888889,0.1274131274,0.3191489362,0.56,0.1498560736,0.02629950495,0.6170212766,0.3426844156,0.4601443226,8.375584,8.757940877,0.3823568767
812,0.3866666667,0.7604166667,0.8666666667,1,0,0.8277310924,0.5576940272,0.6814814815,0.05662805663,0.1595744681,0.266294602,0.5903049617,0.07590601269,0,0.5895556577,0.9427227474,6.8249063,5.973809612,0.8510966881
1216,0.2266666667,0.4791666667,0.4256410256,0.8727272727,1,0.3730742297,0.6983112864,0.9925925926,0.1435006435,0.2340425532,0.72,0.1767342911,0.01426017602,0.725,0.2572018507,0.2882973749,9.901178,9.709720748,0.1914572519
330,0.18,0.5833333333,0.4717948718,1,1,0.7107843137,0.4705226282,0.7259259259,0.1743886744,0.07446808511,0.72,0.6108810736,0,0.6744186046,0.3892759122,0.6597537427,7.7527447,5.332718793,2.420025907
1203,0.5666666667,0.3333333333,0.6717948718,0.6909090909,1,0.4866946779,0.6531811402,0.5259259259,0.05727155727,0.4361702128,0.08,0.4014753749,0.09943619362,0.6444444444,0.2303989591,0.2680885584,10.954825,10.04823704,0.9065879636
2164,0.34,0.7291666667,0.6871794872,0.6727272727,1,0.1295518207,0.5744665043,0.7185185185,0,0.4468085106,0,0.579985377,0.0474559956,0.568627451,0.3784427434,0.3547850449,9.260461,6.263398263,2.997062737
1347,0.1,0.6041666667,0.4205128205,0.8363636364,1,0.0931372549,0.3794729581,0.6148148148,0.1164736165,0.2234042553,0,0.5434642414,0.05852585259,0.7631578947,0.1720624559,0.2387747918,7.910511,8.359369106,0.4488581062
373,0.6133333333,0.1770833333,0.7179487179,0.8727272727,1,0.3555672269,0.7299585018,0.7407407407,0.0546975547,0.414893617,0.64,0.5582596682,0.1260588559,0.5576923077,0.1619621964,0.1108412415,10.484764,10.97141724,0.4866532411
1923,0.4733333333,0.7916666667,0.5846153846,0.9636363636,0,0.237570028,0.6892542851,0.7777777778,0.1422136422,0.4468085106,0.72,0.4186336176,0,1,0.2491602116,1,12.245425,11.34032055,0.9051044516
1265,0.46,0.3020833333,0.5897435897,0.8909090909,1,0.3538165266,0.6658237201,0.6888888889,0.1898326898,0.3404255319,0.266294602,0.5764553397,0.08580858086,0.7837837838,0.2798000765,0.3166302719,9.509525,9.966837868,0.457312868
3,0.7866666667,0.34375,0.5128205128,0.8545454545,0,0.3947829132,0.4512563641,0.637037037,0.02123552124,0.3191489362,0,0.3745429262,0.1949944994,0.5178571428,0.288906747,0.3518224659,6.9994054,6.514712691,0.4846927091
778,0.84,0.1770833333,0.7179487179,0.8545454545,1,0.3555672269,0.7299585018,0.7407407407,0.001287001287,0.2872340426,0.76,0.693463111,0.07507608288,0.453125,0.1459562642,0.1094409873,10.427341,9.296701538,1.130639462
1608,0.2933333333,0.625,0.5384615385,1,1,0.4866946779,0.6531811402,0.5259259259,0.2915057915,0.08510638298,0.32,0.2507938398,0.0745049505,0.725,0.2037534936,0.2577883819,11.453262,10.45697029,0.996291714
581,0.12,0.9375,0.4051282051,1,1,0.5397408964,0.6184849194,0.3703703704,0.06370656371,0.1382978723,0,0.5143228984,0.06139988999,0.537037037,0.3390878948,0.6767980641,8.497907,9.74981176,1.25190476
708,0.08,0.4526225078,0.6256410256,0.8,0,0.6850490196,0.6561510773,0.4666666667,0.2767052767,0.3829787234,0.266294602,0.6748061918,0.07167216722,0.7435897436,0.2684999083,0.2099297,10.49561,10.00523154,0.4903784636
1373,0.5,0.1770833333,0.5692307692,0.3090909091,1,0.3079481793,0.7048585489,0.7407407407,0.1042471042,0.3936170213,0,0.3243932305,0.1256188119,0.7435897436,0.4530161379,0.4859685742,12.295681,10.74324275,1.552438247
1656,0.1866666667,0.4791666667,0.6358974359,1,1,0.1390056022,0.6071658228,0.5037037037,0.1621621622,0.6595744681,0,0.1842699425,0.03747937294,0.6444444444,0.3422908762,0.5994261962,11.209061,10.9065613,0.302499698
1527,0.2933333333,0.4166666667,0.6564102564,0.6545454545,1,0.4866946779,0.6531811402,0.5259259259,0.2805662806,0.1382978723,0.2,0.2296351343,0.1934268427,0.7435897436,0.1751916981,0.192096932,11.279397,10.5406991,0.7386978992
1183,0.5466666667,0.25,0.5282051282,0.6909090909,1,0.393907563,0.5869738626,0.7555555556,0.0250965251,0.1595744681,0,0.2228816602,0.1439906491,0.6304347826,0.2730923817,0.4615986581,7.2224894,6.996681488,0.2258079118
1638,0.8066666667,0.25,0.6923076923,0.8,0,0.2442226891,0.5762881406,0.7407407407,0.0694980695,0.4361702128,0.88,0.1425799522,0.04049092409,0.6590909091,0.431388238,0.7069712382,10.3835745,11.96621519,1.582640692
692,0.2333333333,0.5625,0.4769230769,0.9636363636,1,0.7699579832,0.5440012773,0.6222222222,0.02059202059,0.3617021277,0,0.3092081696,0.07434680968,0.725,0.4974369453,0.2529334458,8.911015,9.344346652,0.4333316518
1913,0.4266666667,0.6979166667,0.6307692308,0.05454545455,1,0.6850490196,0.6561510773,0.4666666667,0.5321750322,0.2659574468,0.84,0,0.0122249725,0.5272727272,0.1780914134,0,11.453903,12.99327695,1.539373948
744,0.4933333333,0.3333333333,0.7846153846,0.9818181818,1,0.4213935574,0.4681021481,0.6074074074,0.1904761905,0.329787234,0.24,0.3167531521,0.06374449945,0,0.702545474,0.8249004099,6.9854193,6.040254711,0.9451645887
186,0.4333333333,0.4479166667,0.6820512821,1,0,0.718487395,0.6377954789,0.4666666667,0.194980695,0.3404255319,0.36,0,0.05542491749,0.6590909091,0.2158840294,0.2496327396,9.631972,9.830701783,0.1987297828
735,0.4066666667,0.3333333333,0.641025641,0.7454545455,1,0.2102591036,0.5335307169,0.762962963,0.0592020592,0.2765957447,0,0.6063411571,0.03633113311,0.6444444444,0.3006864459,0.4729861405,9.071276,8.544613787,0.526662213
996,0.03333333333,0.7083333333,0.8307692308,0.2,0,0.4520308123,0.4636998684,0.5777777778,0.3996138996,0.4787234043,0.24,0.8318891147,0,0.725,0.1602749923,0.3558618078,8.375685,9.723583072,1.347898072
503,0.26,0.25,0.841025641,0.8545454545,0,0.2594537815,0.5352687104,0.6592592593,0.2335907336,0.5957446809,0.72,0.700679482,0.1747387239,0.9354838709,0.3426915521,0.428786628,8.614749,11.1918107,2.577061696
645,0.7466666667,0.625,0.7538461538,0.3454545455,0,0.5691526611,0.6410597995,0.7111111111,0.1145431145,0.1808510638,0,0.05892747252,0.03994086909,0.725,0.3807368281,0.768607694,9.454915,9.357293785,0.09762121507
228,0.08,0.5416666667,0.8256410256,0.6545454545,1,0.2631302521,0.6856686755,0.5777777778,0.111969112,0.2659574468,0,0.6219702973,0,0.8529411764,0.5548569105,0.5727672789,10.332901,11.36093911,1.028038108
471,0.5266666667,0.78125,0.5846153846,0.8,1,0.1069677871,0.5808557654,0.5185185185,0.2927927928,0.4574468085,0,0.1436561128,0.07057893289,0.9666666666,0.5003821654,0.5019227408,9.543062,8.319961022,1.223100978
434,0.8533333333,0.4583333333,0.5230769231,0.6181818182,1,0.5672268908,1,1,0.119047619,0.1808510638,0,0.5980283995,0.05565181518,0.5272727272,0.4300465684,0.5533473335,11.929989,12.0742883,0.1442992974
1572,0.38,0.4375,0.5487179487,0.9272727273,1,0.09086134454,0.6813843201,0.7407407407,0.1081081081,0.3510638298,0,0.1645787186,0.02698707371,0.6170212766,0.2897520119,0.4172381414,10.745427,10.53722968,0.2081973202
2065,0.2133333333,0.4791666667,0.3641025641,0.7818181818,1,0.5945378151,0.6785971018,0.562962963,0.05212355212,0.3936170213,0,0.4034396291,0.2068206821,0.6904761905,0.181601945,0.1653351373,11.133198,11.83196811,0.6987701136
732,0.7133333333,0.5625,0.8461538462,0.6727272727,1,0.7410714286,0.6179239847,0.6518518519,0.111969112,0.414893617,0,0,0.04040841584,0.725,0.1173545476,0.08949564127,8.078983,8.605753368,0.5267703684
1642,0.3933333333,0.6666666667,0.4717948718,0.8,1,0.5691526611,0.6410597995,0.7111111111,0.003217503218,0.4574468085,0,0.1151107404,0.05778327833,0.6590909091,0.4102115676,0.8642935982,9.487464,9.74689222,0.2594282203
1195,0.5733333333,0.4375,0.3897435897,0.9818181818,0,0.5717787115,0.5603248675,0.6814814815,0.3886743887,0.670212766,0.84,0.4157357119,0.03578107811,0.5178571428,0.3285504821,0.1603125726,10.037283,9.424806382,0.6124766179
1582,0.16,0.1666666667,0.01025641026,1,0,0.3445378151,0.5117453286,0.7481481481,0.3101673102,0.3936170213,0.266294602,0.05940875855,0.2147552255,0.5471698113,0.1693515084,0.216779426,8.280769,9.756378687,1.475609687
1321,0.3333333333,0.2604166667,0.5538461538,0.3818181818,1,0.4254201681,0.4911856694,0.5481481481,0.05727155727,0.5638297872,0.68,0.5755425195,0.1062156216,0.7837837838,0.4062077405,0.6368558511,7.0442767,6.109247583,0.9350291172
824,0.7266666667,0.34375,0.7230769231,0.9636363636,1,0.5397408964,0.6184849194,0.3703703704,0.02316602317,0.1276595745,0.36,0,0.07144526953,0.7435897436,0.2034870813,0.4165976486,8.258833,8.995412975,0.7365799754
1013,0.4533333333,0.5208333333,0.5333333333,0.8909090909,1,0.6097689076,0.7793540817,0.7037037037,0.2329472329,0.3723404255,0.266294602,0.5204304911,0.1939356436,0.6904761905,0.3050284669,0.3375209496,9.938919,8.267448958,1.671470042
440,0.8133333333,0.8229166667,0.5794871795,0.7090909091,1,0.5901610644,0.90037002,0.6888888889,0.2232947233,0.4255319149,0,0.002006516771,0.1214315182,0.58,0.3565840988,0.5971903912,11.296765,12.04290056,0.7461355616
1232,0.3,0.7395833333,0.3384615385,0.7636363636,1,0.6090686275,0.720966233,0.7407407407,0.1608751609,0.3404255319,0,0.402013594,0,0.6590909091,0.2606716259,0.3507351863,11.564221,11.42832572,0.1358952769
1088,0.32,0.3020833333,0.5897435897,0.4545454545,0,0.1143207283,0.523635635,0.5185185185,0.09652509653,0.2234042553,0,0.521067702,0.04999312431,1,0.4285155596,0.6216488842,11.063081,10.12402772,0.939053282
264,0.36,0.5520833333,0.6051282051,0.6363636364,1,0.6090686275,0.720966233,0.7407407407,0.222007722,0.2021276596,0,0.5924814502,0.0611729923,0.725,0.2685607898,0.4102294331,11.531943,12.0058152,0.473872198
1719,0.66,0.34375,0.8461538462,0.8727272727,1,0.6216736695,0.5887139567,0.362962963,0.1731016731,0.3085106383,0.68,0.09914902576,0.1707989549,0.6590909091,0.1929528939,0.247460709,8.723285,8.025843344,0.6974416558
329,0.12,0.6145833333,0.4461538462,0.6727272727,1,0.08473389356,0.2425428148,0.7185185185,0.05662805663,0.2978723404,0,0.1339877438,0.02145214521,0.725,0.3147355068,0.4820264879,7.5866404,6.431331082,1.155309318
120,0.48,0.2708333333,0.5794871795,0.9818181818,1,0.6158963585,0.6561510773,0.2888888889,0.2181467181,0.7446808511,0,0.3234115475,0.1393426843,0.5918367347,0.266827905,0.4345822738,10.158253,9.39798109,0.7602719098
878,0.09333333333,0.4270833333,0.6,0.9272727273,1,0.2382703081,0.3490138615,0.5851851852,0.02895752896,0.3936170213,0.08,0.1622897631,0.06467271727,0.6170212766,0.4480322234,0.7280062909,7.093983,5.068904202,2.025078798
1180,0.6733333333,0.1770833333,0.7487179487,0.5272727273,1,0.3079481793,0.7048585489,0.7407407407,0.04504504505,0.4680851064,0,0.310674606,0.0298679868,0.6904761905,0.3837679615,0.3807587944,12.41197,12.2308433,0.1811266961
259,0.3133333333,0.28125,0.841025641,0.9272727273,0,0.2594537815,0.5352687104,0.6592592593,0.005148005148,0.5425531915,0,0.5419822014,0.17794967,0.6444444444,0.4092966481,0.439078398,8.195607,7.053585727,1.142021273
2095,0.9733333333,0.3333333333,0.5282051282,0.3272727273,1,0.118522409,0.5990500377,0.5703703704,0.008365508366,0.329787234,0.12,0.3299851652,0.02537128713,0.725,0.3471083939,0.6933170806,9.949938,9.517383798,0.4325542021
961,0.6933333333,0.4583333333,0.7384615385,0.8,1,0.5717787115,0.5603248675,0.6814814815,0.2915057915,0.2872340426,1,0.356497634,0.2067106711,0.725,0.2873987079,0.2398999151,9.374744,10.01189343,0.6371494264
468,0.2533333333,0.78125,0.5743589744,0.8727272727,1,0.5096288515,0.6791616244,0.6666666667,0.09781209781,0.2978723404,0.12,0.1572510191,0.1397345985,0.6904761905,0.2927674891,0.4692365742,11.350924,10.77935204,0.5715719551
1948,0.2666666667,0.4166666667,0.5076923077,0.5454545455,1,0.2848389356,0.5689608813,0.8,0.01158301158,0.5425531915,0,0.2949211649,0.06636069857,0.7837837838,0.3681901696,0.394063118,9.592103,7.815207062,1.776895938
965,0.8,0.5,0.4358974359,0.9818181818,1,0.5717787115,0.5603248675,0.6814814815,0.2380952381,0.414893617,0.44,0.1534416036,0.06603410341,0.8055555555,0.2435953538,0.3339339923,9.509986,8.445911989,1.064074011
1846,0.4133333333,0.25,0.4512820513,0.4,1,0.118872549,0.6008432402,0.5407407407,0.002574002574,0.5212765957,0,0.1990881576,0.1231985699,0.6170212766,0.4074195736,0.3860019303,10.167944,10.27253069,0.104586694
940,0.34,0.4583333333,0.4769230769,0.5090909091,1,0.118872549,0.6008432402,0.5407407407,0.01158301158,0.329787234,0,0.2204571125,0.09566144114,0.6170212766,0.4505076642,0.586313947,10.439225,10.69552939,0.2563043901
58,0.05333333333,0.5208333333,0.9333333333,0.4727272727,1,0.9143907563,0.5380914818,0.5555555556,0.1042471042,0.5212765957,0,1,0.06513338834,0.6041666666,0.4070730074,0.4459143274,6.850844,6.520621128,0.3302228724
105,0.2866666667,0.4270833333,0.9435897436,0.9454545455,0,0.4676120448,0.5386453725,0.4740740741,0.3494208494,0.2978723404,0.36,0,0.008226760176,0.6744186046,0.4193455289,0.8055405167,9.193778,8.430327258,0.7634507416
1061,0.12,0.5520833333,0.7076923077,0.4363636364,1,0.2993697479,0.4095288189,0.5851851852,0.03474903475,0.1276595745,0.4,0,0.1866611661,0.6744186046,0.1556169436,0.1181114024,6.891219,8.568456485,1.677237485
215,0.26,0.28125,0.5282051282,1,1,0.3522408964,0.7976080141,0.6222222222,0.1988416988,0.5744680851,0,0.1052844797,0.05858085809,0.8055555555,0.2330599658,0.3278972489,10.833608,9.896765007,0.9368429932
849,0.5066666667,0.4791666667,0.641025641,0.6909090909,1,0.3947829132,0.4512563641,0.637037037,0.1409266409,0.3829787234,0,0.4318870527,0.01870187019,0.6744186046,0.3728598565,0.4648344098,7.5485053,8.841592847,1.293087547
81,0.16,0.3541666667,0.6102564103,0.5454545455,0,0.2631302521,0.6856686755,0.5777777778,0.1241956242,0.4042553191,0,0.8711552321,0,0.725,0.4745995268,0.5485101433,11.288319,11.21180686,0.07651214142
1172,0.2466666667,0.4510577799,0.5333333333,1,1,0.1153711485,0.5349814088,0.8222222222,0.04697554698,0.2234042553,0.16,0.1482839762,0.1719471947,0.9666666666,0.1960529797,0.2567274485,9.7128935,8.102586425,1.610307075
579,0.18,0.4375,0.7230769231,0.5454545455,1,0.5239845938,0.6568782198,0.6148148148,0.05598455598,0.1170212766,0,0.6541427356,0.1201320132,0.7073170731,0.06723404639,0.02051708754,10.142859,8.009695358,2.133163642
734,0.1,0.5,0.7641025641,0.6909090909,0,0.8277310924,0.5576940272,0.6814814815,0.2329472329,0.3723404255,0.266294602,0,0.05744636964,0.6744186046,0.4503779391,1,7.405271,6.495265556,0.9100054441
1871,0.88,0.2291666667,0.6051282051,0.6,1,0.4464285714,0.7372490483,0.6074074074,0.05727155727,0.170212766,0.56,0.6931935872,0.02552255226,0.7073170731,0.3604184859,0.6782780185,10.272681,9.046762058,1.225918942
1553,0.4,0.2916666667,0.7794871795,0.6363636364,1,0.125,0.2677419664,0.5851851852,0.0398970399,0.09574468085,0,0.3451617328,0,0.8055555555,0.2102556737,0.3999137818,5.457365,7.003974137,1.546609137
914,0.42,0.4895833333,0.4666666667,0.5818181818,0,0.6090686275,0.720966233,0.7407407407,0.1537966538,0.329787234,0,0.6864695541,0,0.5576923077,0.3466384851,0.2338156534,12.272934,14.57422167,2.301287671
827,0.2466666667,0.6145833333,0.6102564103,0.4181818182,1,0.4213935574,0.4681021481,0.6074074074,0.3185328185,0.3085106383,0.28,0.3684662934,0.02757838284,0,0.5411664848,0.7446308719,7.213065,5.886104031,1.326960969
901,0.3933333333,0.2395833333,0.6358974359,0.5636363636,1,0.343487395,0.7140406019,0.8740740741,0.1351351351,0.3191489362,0.4,0.2032416912,0,0.6744186046,0.328878993,0.6416002372,10.063399,9.446676517,0.6167224829
1710,0.4,0.5625,0.4717948718,0.5090909091,1,0.5241596639,0.6624894609,0.6814814815,0.1312741313,0.1808510638,0,0.1086011739,0.1344953245,0.6444444444,0.1413900124,0.1115820847,9.052329,7.146772179,1.905556821
1964,0.62,0.4166666667,0.5384615385,0.7636363636,1,0.2848389356,0.5689608813,0.8,0.07850707851,0.4042553191,0,0.5784903034,0.0612830033,0.6041666666,0.2951929289,0.3433960083,9.405459,9.625623789,0.220164789
1276,0.2133333333,0.6979166667,0.5794871795,0.5090909091,1,0.5241596639,0.6624894609,0.6814814815,0.2329472329,0.2872340426,0.28,0.4754244856,0.01328382838,0.7073170731,0.2159235386,0.2432666558,10.207312,8.573762543,1.633549457
2174,0.2933333333,0.1979166667,0.6717948718,0.4909090909,1,0.2515756303,0.5661749638,0.6814814815,0.2657657658,0.2765957447,0,0.01773684664,0.05214521452,0.6304347826,0.4236905055,0.5421585348,8.896438,7.675081858,1.221356142
1381,0.6733333333,0.3020833333,0.6358974359,0.5818181818,1,0.118522409,0.5990500377,0.5703703704,0.05662805663,0.3829787234,0,0.1627986064,0.06065731573,0.7837837838,0.3716983703,0.646012225,10.155708,10.62544082,0.4697328249
948,0.4933333333,0.65625,0.5282051282,0.6363636364,1,0.1295518207,0.5744665043,0.7185185185,0.0296010296,0.2021276596,0,0.08726111489,0.050440044,0.7837837838,0.4155098987,0.379205968,9.292336,9.759963542,0.4676275425
663,0.6333333333,0.5,0.5846153846,1,1,0.1069677871,0.5808557654,0.5185185185,0.0592020592,0.2872340426,0,0.2031599814,0.1159172167,0.8055555555,0.4158766391,0.5749048048,10.752618,11.01623283,0.2636148317
1992,0.2,0.25,0.6205128205,0.9090909091,1,0.2785364146,0.429193101,0.5703703704,0.02252252252,0.329787234,0.76,0.1343646734,0.03094059406,0.725,0.1870599487,0.1553314018,7.353344,8.370779173,1.017435173
1155,0.1733333333,0.3541666667,0.8564102564,0.5818181818,1,0.393907563,0.5869738626,0.7555555556,0.05727155727,0.1914893617,0,1,0.1658209571,0.6170212766,0.2855805566,0.4319457268,7.121012,6.839476438,0.2815355618
1047,0.5133333333,0.3229166667,0.5025641026,0.6,1,0.2102591036,0.5335307169,0.762962963,0.1428571429,0.3191489362,0,0.2857418259,0.05723322332,0.6170212766,0.2706725002,0.4285196377,8.787967,9.523617089,0.7356500891
558,0.6733333333,0.5729166667,0.5743589744,0.6909090909,1,0.5717787115,0.5603248675,0.6814814815,0.2329472329,0.3936170213,0.24,0.3036541643,0,0.8055555555,0.1945921166,0.3592323569,8.307111,7.599401333,0.7077096666
1704,0.4933333333,0.25,0.5230769231,0.6363636364,1,0.0931372549,0.3794729581,0.6148148148,0.2014157014,0.1170212766,0,0.2008340747,0.0202420242,0.5918367347,0.1403401441,0.2372190648,8.616033,8.314587291,0.3014457087
31,0.14,0.8333333333,0.5743589744,0.8181818182,0,0.2387955182,0.6056270884,0.4814814815,0.1138996139,0.2765957447,0,0.5593759078,0.1034859736,0.6170212766,0.5488894648,0.6155269765,9.245438,8.638525477,0.6069125234
1792,0.3933333333,0.1354166667,0.3743589744,0.7818181818,1,0.0931372549,0.3794729581,0.6148148148,0.1447876448,0.1595744681,0,0.1249154915,0,0.6904761905,0.1466960195,0.139918915,8.105313,8.165932137,0.06061913732
1709,0.2666666667,0.625,0.5435897436,1,1,0.4868697479,0.6358876516,0.7259259259,0.005148005148,0.170212766,0,0.3422666623,0.08565731573,0.6620676821,0.3441381796,0.4348336257,8.185359,7.193685818,0.9916731816
1179,0.24,0.125,0.7282051282,1,1,0.4641106443,0.6568782198,0.7037037037,0.1518661519,0.2553191489,0,0.1906078972,0.1854716722,0.8285714286,0.1312381329,0.083774156,9.031548,8.819221858,0.2123261424
1711,0.54,0.3229166667,0.8205128205,0.5454545455,1,0.5672268908,1,1,0.120978121,0.3085106383,0,0.03977651211,0.05207645765,0.6041666666,0.3034868907,0.3163496868,11.111421,10.70519762,0.4062233843
531,0.46,0.3125,0.7487179487,0.9272727273,0,0.1390056022,0.6071658228,0.5037037037,0.2438867439,0.6595744681,0,0.2895821775,0.06068481848,0.6444444444,0.2691983284,0.4656783281,10.351529,12.64535286,2.293823857
234,0.1666666667,0.5,0.5897435897,0.9818181818,1,0.5411414566,0.5789520492,0.5851851852,0.1332046332,0.1595744681,0.28,0.218386923,0,0.5471698113,0.3399705031,0.5272418353,7.5239143,5.552959585,1.970954715
486,0.1866666667,0.53125,0.641025641,0.8181818182,0,0.1132703081,0.5277900464,0.5851851852,0.09395109395,0.3617021277,0.56,0.2204658002,0.06950632563,0.6041666666,0.3388238483,0.4785399173,10.042961,8.684739463,1.358221537
1666,0.24,0.5625,0.4102564103,0.9272727273,1,0.01278011204,0.1816977952,0.7555555556,0.01544401544,0.4468085106,0,0.1655734829,0.06782178218,0.5918367347,0.08943394771,0.09563799018,7.8680544,6.601230119,1.266824281
1893,0.8533333333,0.34375,0.5538461538,0.5454545455,1,0.118522409,0.5990500377,0.5703703704,0.1061776062,0.2446808511,0,0.1854138073,0.07977860286,0.8529411764,0.3573389389,0.6499551148,10.095398,9.529957063,0.565440937
1194,0.38,0.08333333333,0.4051282051,0.5636363636,1,0.3079481793,0.7048585489,0.7407407407,0.249034749,0.170212766,0,0.1368334472,0.06906628163,0.5272727272,0.1797053666,0.2203144458,12.171577,11.10875452,1.062822481
1823,0.32,0.6354166667,0.5128205128,0.8181818182,1,0.6090686275,0.720966233,0.7407407407,0.12998713,0.3404255319,0,0.3728127121,0.09034653465,0.7837837838,0.37129283,0.7905114783,11.617826,10.74798149,0.8698445144
305,0.4,0.59375,0.5538461538,0.5636363636,1,0.6020658263,0.7512420102,0.6740740741,0.1743886744,0.170212766,0,0.5624548731,0,0.6744186046,0.4151547477,0.5605186584,11.180416,8.798152718,2.382263282
1882,0.4,0.3645833333,0.7128205128,0.9818181818,1,0.4096638655,0.7593224385,0.6666666667,0.1132561133,0.5531914894,0,0.3393991144,0.1814768977,0.725,0.2591907148,0.4495368812,9.74556,9.954940834,0.2093808341
1594,0.3133333333,0.71875,0.7230769231,0.4909090909,1,0.06179971989,0.6539330366,0,0.2458172458,0.2340425532,0,0,0.06387513751,0.7435897436,0.152493042,0.1887804603,13.136816,12.57786031,0.5589556852
570,0.07333333333,0.7083333333,0.6615384615,1,0,0.5411414566,0.7791728552,0.6222222222,0.09266409266,0.2446808511,0.2,0.5508685665,0.04755225523,0.6444444444,0.2466047513,0.4889147896,11.489793,12.06520009,0.5754070866
41,0.14,0.75,0.7128205128,0.3090909091,1,0.06179971989,0.6539330366,0,0.08558558559,0.2446808511,0,1,0.04538641364,0.6744186046,0.1530782607,0.1612824174,11.871433,13.99816789,2.126734892
1722,0.2466666667,0.2708333333,0.5076923077,0.8363636364,0,0.3114495798,0.5737272012,0.5925925926,0.005791505792,0.329787234,0.56,0.1107013354,0.01581408141,0.8787878788,0.03693688452,0.008067880685,10.280817,11.73627699,1.455459995
933,0.02,0.40625,0.9128205128,0.6909090909,1,0.9143907563,0.5380914818,0.5555555556,0.09716859717,0.4255319149,0,0,0.08808443344,0.6744186046,0.3649714268,0.005855186078,7.53153,6.131226489,1.400303511
995,0.06666666667,0.8229166667,0.5897435897,0.3090909091,1,0.6850490196,0.6561510773,0.4666666667,0.2966537967,0.2659574468,0,0.1903570927,0.04588833883,1,0.6431903661,0.6391555542,10.73829,10.03543644,0.7028535563
1921,0.72,0.1354166667,0.7487179487,0.2909090909,1,0.3079481793,0.7048585489,0.7407407407,0.09137709138,0.2659574468,0,0.1447532713,0.09929867987,0.5918367347,0.4009051085,0.4993880486,11.957675,12.19405067,0.2363756703
327,0.9,0.5520833333,0.6102564103,0.7636363636,1,0.7410714286,0.6179239847,0.6518518519,0.04054054054,0.4468085106,0,0.8526201919,0.03694994499,0.6170212766,0.1365189799,0.1140469309,8.104342,6.802394763,1.301947237
763,0.7666666667,0.3645833333,0.6461538462,0.6181818182,1,0.2442226891,0.5762881406,0.7407407407,0.08043758044,0.2340425532,0.92,0.5979791498,0.03895077008,0.5918367347,0.5046859399,0.721983149,10.153831,9.029058275,1.124772725
2132,0.08,0.4583333333,0.5846153846,0.9090909091,1,0.09086134454,0.6813843201,0.7407407407,0.1737451737,0.4255319149,0,0.2031423092,0.01775990099,0.5272727272,0.2286627747,0.3206349055,11.098547,9.897922094,1.200624906
2085,0.1133333333,0.8541666667,0.4769230769,0.6,1,0.125,0.2677419664,0.5851851852,0.1171171171,0.2446808511,0.24,0.1460739928,0.04719471947,0.7435897436,0.1545303932,0.296250862,6.764227,7.190676034,0.4264490343
1887,0.46,0.40625,0.6512820513,0.8,1,0.3538165266,0.6658237201,0.6888888889,0.01930501931,0.1595744681,0.84,0.6139461033,0.116879813,0.58,0.2747415528,0.5192351716,8.863083,8.249836485,0.6132465146
1299,0.1266666667,0.5416666667,0.641025641,1,1,0.3445378151,0.5117453286,0.7481481481,0.138996139,0.2234042553,0,0.5651465885,0.02312293729,0.7435897436,0.161565796,0.179080202,8.154067,6.723832441,1.430234559
159,0.6133333333,0.125,0.6307692308,0.8727272727,1,0.6158963585,0.6561510773,0.2888888889,0.287001287,0.5319148936,0.2,0.2012265965,0.2207852035,0.7435897436,0.245492609,0.3643201326,9.817853,10.89549781,1.077644814